Entity,Code,Year,Births attended by skilled health staff (% of total)
Afghanistan,AFG,2000,12.4
Afghanistan,AFG,2003,14.3
Afghanistan,AFG,2006,18.9
Afghanistan,AFG,2008,24
Afghanistan,AFG,2010,34.3
Afghanistan,AFG,2011,38.6
Afghanistan,AFG,2012,39.9
Afghanistan,AFG,2014,45.2
Afghanistan,AFG,2015,50.5
Afghanistan,AFG,2017,53.4
Afghanistan,AFG,2018,58.8
Afghanistan,AFG,2020,61.8
Albania,ALB,1989,92.7
Albania,ALB,1990,93
Albania,ALB,1991,92.6
Albania,ALB,1992,86.4
Albania,ALB,1993,87.2
Albania,ALB,1994,89.1
Albania,ALB,1995,89.1
Albania,ALB,1996,91.2
Albania,ALB,1997,98.8
Albania,ALB,1998,99.1
Albania,ALB,1999,99
Albania,ALB,2000,99.1
Albania,ALB,2001,99
Albania,ALB,2002,98
Albania,ALB,2003,98.8
Albania,ALB,2004,99.3
Albania,ALB,2005,99.8
Albania,ALB,2006,99
Albania,ALB,2009,99.3
Albania,ALB,2018,99.8
Algeria,DZA,1992,76.5
Algeria,DZA,2000,92
Algeria,DZA,2002,95.9
Algeria,DZA,2006,95.2
Algeria,DZA,2013,96.6
Algeria,DZA,2019,98.8
American Samoa,ASM,2002,100
Andorra,AND,2015,100
Andorra,AND,2016,100
Andorra,AND,2017,100
Angola,AGO,1996,22.5
Angola,AGO,2001,44.7
Angola,AGO,2007,49.9
Angola,AGO,2016,49.6
Antigua and Barbuda,ATG,1995,100
Antigua and Barbuda,ATG,1996,100
Antigua and Barbuda,ATG,1998,100
Antigua and Barbuda,ATG,2000,99.9
Antigua and Barbuda,ATG,2001,100
Antigua and Barbuda,ATG,2002,99
Antigua and Barbuda,ATG,2003,99
Antigua and Barbuda,ATG,2004,100
Antigua and Barbuda,ATG,2005,99.9
Antigua and Barbuda,ATG,2006,99.9
Antigua and Barbuda,ATG,2007,100
Antigua and Barbuda,ATG,2008,100
Antigua and Barbuda,ATG,2009,100
Antigua and Barbuda,ATG,2010,100
Antigua and Barbuda,ATG,2012,100
Antigua and Barbuda,ATG,2013,100
Antigua and Barbuda,ATG,2014,100
Antigua and Barbuda,ATG,2015,100
Antigua and Barbuda,ATG,2017,100
Antigua and Barbuda,ATG,2020,99
Argentina,ARG,1990,96.9
Argentina,ARG,1992,95.8
Argentina,ARG,1995,98.5
Argentina,ARG,1997,97.2
Argentina,ARG,1998,97.5
Argentina,ARG,1999,97.5
Argentina,ARG,2000,99.1
Argentina,ARG,2001,98.4
Argentina,ARG,2002,98.9
Argentina,ARG,2003,98.7
Argentina,ARG,2004,99.1
Argentina,ARG,2005,99.1
Argentina,ARG,2006,99.4
Argentina,ARG,2007,99.4
Argentina,ARG,2008,94.8
Argentina,ARG,2009,97.9
Argentina,ARG,2010,95
Argentina,ARG,2011,97.1
Argentina,ARG,2012,98.2
Argentina,ARG,2013,97
Argentina,ARG,2014,99.6
Argentina,ARG,2015,99.6
Argentina,ARG,2016,98.4
Argentina,ARG,2017,93.9
Argentina,ARG,2018,99.5
Argentina,ARG,2019,99.6
Argentina,ARG,2020,98.8
Armenia,ARM,1989,99.7
Armenia,ARM,1990,99.7
Armenia,ARM,1991,99.7
Armenia,ARM,1992,98.3
Armenia,ARM,1993,95.5
Armenia,ARM,1994,93.3
Armenia,ARM,1995,93.1
Armenia,ARM,1996,95.7
Armenia,ARM,1997,96.4
Armenia,ARM,1998,97.4
Armenia,ARM,1999,98.8
Armenia,ARM,2000,96.8
Armenia,ARM,2001,98.4
Armenia,ARM,2002,98.8
Armenia,ARM,2003,99.2
Armenia,ARM,2004,99.5
Armenia,ARM,2005,97.8
Armenia,ARM,2006,99.7
Armenia,ARM,2007,99.9
Armenia,ARM,2008,99.9
Armenia,ARM,2009,100
Armenia,ARM,2010,99.5
Armenia,ARM,2011,100
Armenia,ARM,2012,100
Armenia,ARM,2013,100
Armenia,ARM,2014,100
Armenia,ARM,2016,99.8
Aruba,ABW,2002,96
Australia,AUS,1991,99.6
Australia,AUS,1992,99.3
Australia,AUS,1993,99.3
Australia,AUS,1994,99.4
Australia,AUS,1995,99.3
Australia,AUS,1996,99.3
Australia,AUS,1997,99.3
Australia,AUS,1998,99.3
Australia,AUS,1999,99.3
Australia,AUS,2000,99.3
Australia,AUS,2001,99.3
Australia,AUS,2002,99.3
Australia,AUS,2003,99.3
Australia,AUS,2004,99.3
Australia,AUS,2005,99.4
Australia,AUS,2006,99.3
Australia,AUS,2007,99.2
Australia,AUS,2008,99.1
Australia,AUS,2009,99.1
Australia,AUS,2010,99.1
Australia,AUS,2011,99.1
Australia,AUS,2012,99.2
Australia,AUS,2013,99
Australia,AUS,2014,99.8
Australia,AUS,2015,98.8
Australia,AUS,2016,98.8
Australia,AUS,2017,99.4
Australia,AUS,2018,98.7
Australia,AUS,2019,98.8
Austria,AUT,1993,100
Austria,AUT,1996,98.2
Austria,AUT,1997,98.2
Austria,AUT,1998,98.3
Austria,AUT,1999,98.3
Austria,AUT,2000,98.3
Austria,AUT,2001,98.3
Austria,AUT,2002,98.4
Austria,AUT,2003,98.4
Austria,AUT,2004,98.4
Austria,AUT,2005,98.6
Austria,AUT,2006,98.6
Austria,AUT,2007,98.5
Austria,AUT,2008,98.6
Austria,AUT,2009,98.6
Austria,AUT,2010,98.5
Austria,AUT,2011,98.6
Austria,AUT,2012,98.5
Austria,AUT,2013,98.5
Austria,AUT,2014,98.5
Austria,AUT,2015,98.5
Austria,AUT,2016,98.4
Austria,AUT,2017,98.4
Austria,AUT,2018,98.4
Austria,AUT,2019,98.4
Austria,AUT,2020,98.1
Azerbaijan,AZE,1989,97.3
Azerbaijan,AZE,1990,97.3
Azerbaijan,AZE,1991,97.2
Azerbaijan,AZE,1992,96.5
Azerbaijan,AZE,1993,96.3
Azerbaijan,AZE,1994,99.6
Azerbaijan,AZE,1995,91.5
Azerbaijan,AZE,1996,87.9
Azerbaijan,AZE,1997,90.4
Azerbaijan,AZE,1998,91.5
Azerbaijan,AZE,1999,92.4
Azerbaijan,AZE,2000,80.7
Azerbaijan,AZE,2001,88
Azerbaijan,AZE,2002,94
Azerbaijan,AZE,2003,95.8
Azerbaijan,AZE,2004,95.9
Azerbaijan,AZE,2005,94.4
Azerbaijan,AZE,2006,88
Azerbaijan,AZE,2007,93
Azerbaijan,AZE,2008,98
Azerbaijan,AZE,2009,99.8
Azerbaijan,AZE,2010,99.4
Azerbaijan,AZE,2011,97.2
Azerbaijan,AZE,2012,99.8
Azerbaijan,AZE,2013,99.9
Azerbaijan,AZE,2014,99.9
Azerbaijan,AZE,2015,99.8
Azerbaijan,AZE,2016,99.8
Azerbaijan,AZE,2017,99.8
Azerbaijan,AZE,2018,99.39
Azerbaijan,AZE,2019,99.9
Azerbaijan,AZE,2020,99.9
Bahamas,BHS,1990,99
Bahamas,BHS,1995,99
Bahamas,BHS,1997,99
Bahamas,BHS,1998,99
Bahamas,BHS,1999,99
Bahamas,BHS,2000,99
Bahamas,BHS,2001,99
Bahamas,BHS,2002,99
Bahamas,BHS,2003,99
Bahamas,BHS,2004,98
Bahamas,BHS,2005,98.7
Bahamas,BHS,2006,99
Bahamas,BHS,2007,98.4
Bahamas,BHS,2008,98.5
Bahamas,BHS,2009,98.9
Bahamas,BHS,2010,99.1
Bahamas,BHS,2011,99.1
Bahamas,BHS,2012,98.9
Bahamas,BHS,2013,98.6
Bahamas,BHS,2014,98.9
Bahamas,BHS,2015,98
Bahamas,BHS,2016,99
Bahamas,BHS,2018,99
Bahamas,BHS,2019,99
Bahrain,BHR,1995,97.6
Bahrain,BHR,2000,97.7
Bahrain,BHR,2001,97.5
Bahrain,BHR,2002,97.6
Bahrain,BHR,2003,97.8
Bahrain,BHR,2004,97.7
Bahrain,BHR,2005,97.5
Bahrain,BHR,2006,97.5
Bahrain,BHR,2007,97.4
Bahrain,BHR,2008,97.5
Bahrain,BHR,2009,99.4
Bahrain,BHR,2010,99.3
Bahrain,BHR,2011,99.6
Bahrain,BHR,2012,99.8
Bahrain,BHR,2013,99.8
Bahrain,BHR,2014,99.8
Bahrain,BHR,2015,99.9
Bahrain,BHR,2016,99.7
Bahrain,BHR,2017,99.9
Bahrain,BHR,2018,99.6
Bahrain,BHR,2019,99.6
Bangladesh,BGD,1994,9.5
Bangladesh,BGD,1997,7.7
Bangladesh,BGD,2000,11.6
Bangladesh,BGD,2001,12
Bangladesh,BGD,2003,13.9
Bangladesh,BGD,2004,12.8
Bangladesh,BGD,2006,20.1
Bangladesh,BGD,2007,18
Bangladesh,BGD,2009,24.4
Bangladesh,BGD,2010,26.5
Bangladesh,BGD,2011,27.4
Bangladesh,BGD,2013,36.5
Bangladesh,BGD,2014,42.1
Bangladesh,BGD,2016,49.8
Bangladesh,BGD,2017,67.8
Bangladesh,BGD,2018,52.7
Bangladesh,BGD,2019,59
Barbados,BRB,1995,100
Barbados,BRB,1999,91
Barbados,BRB,2000,98
Barbados,BRB,2002,100
Barbados,BRB,2003,100
Barbados,BRB,2004,100
Barbados,BRB,2005,100
Barbados,BRB,2006,100
Barbados,BRB,2007,100
Barbados,BRB,2008,100
Barbados,BRB,2009,100
Barbados,BRB,2011,100
Barbados,BRB,2012,98.9
Barbados,BRB,2013,98.6
Barbados,BRB,2014,99.8
Barbados,BRB,2015,99
Barbados,BRB,2016,99.1
Barbados,BRB,2018,99
Barbados,BRB,2019,98
Barbados,BRB,2020,98.4
Belarus,BLR,1986,100
Belarus,BLR,1989,99.9
Belarus,BLR,1990,99.9
Belarus,BLR,1991,99.9
Belarus,BLR,1992,99.9
Belarus,BLR,1993,99.9
Belarus,BLR,1994,99.9
Belarus,BLR,1995,99.9
Belarus,BLR,1996,99.9
Belarus,BLR,1997,99.9
Belarus,BLR,1998,99.9
Belarus,BLR,1999,99.9
Belarus,BLR,2000,99.9
Belarus,BLR,2001,99.9
Belarus,BLR,2002,99.9
Belarus,BLR,2003,99.9
Belarus,BLR,2004,99.9
Belarus,BLR,2005,100
Belarus,BLR,2006,99.9
Belarus,BLR,2007,99.9
Belarus,BLR,2008,99.9
Belarus,BLR,2009,99.9
Belarus,BLR,2010,99.9
Belarus,BLR,2011,99.8
Belarus,BLR,2012,100
Belarus,BLR,2013,99.8
Belarus,BLR,2014,99.8
Belarus,BLR,2019,99.9
Belarus,BLR,2020,99.9
Belgium,BEL,1987,100
Belgium,BEL,1999,99.3
Belize,BLZ,1991,76.9
Belize,BLZ,1995,79
Belize,BLZ,1998,79
Belize,BLZ,1999,83.8
Belize,BLZ,2000,90.2
Belize,BLZ,2002,97
Belize,BLZ,2004,87.8
Belize,BLZ,2005,89.3
Belize,BLZ,2006,95.8
Belize,BLZ,2007,90.7
Belize,BLZ,2008,94.9
Belize,BLZ,2009,93.5
Belize,BLZ,2010,94
Belize,BLZ,2011,96.2
Belize,BLZ,2012,93.7
Belize,BLZ,2013,93
Belize,BLZ,2014,93.1
Belize,BLZ,2015,93.5
Belize,BLZ,2016,96.8
Belize,BLZ,2017,95.3
Belize,BLZ,2018,94.8
Belize,BLZ,2019,95.3
Belize,BLZ,2020,94.6
Benin,BEN,1996,59.8
Benin,BEN,2001,72.9
Benin,BEN,2005,75
Benin,BEN,2006,77.7
Benin,BEN,2012,84.1
Benin,BEN,2014,77.2
Benin,BEN,2018,78.1
Bhutan,BTN,1994,12
Bhutan,BTN,2000,27.3
Bhutan,BTN,2003,56.1
Bhutan,BTN,2005,52.3
Bhutan,BTN,2006,57.1
Bhutan,BTN,2007,71.4
Bhutan,BTN,2008,66.3
Bhutan,BTN,2009,66
Bhutan,BTN,2010,64.5
Bhutan,BTN,2011,70
Bhutan,BTN,2012,74.6
Bhutan,BTN,2013,89
Bhutan,BTN,2014,89
Bhutan,BTN,2015,89
Bhutan,BTN,2016,89
Bhutan,BTN,2017,96.4
Bhutan,BTN,2018,96.2
Bhutan,BTN,2019,96.3
Bolivia,BOL,1989,42.1
Bolivia,BOL,1994,47.2
Bolivia,BOL,1998,56.7
Bolivia,BOL,2000,67.3
Bolivia,BOL,2002,65.1
Bolivia,BOL,2003,60.8
Bolivia,BOL,2004,60.8
Bolivia,BOL,2008,71.1
Bolivia,BOL,2011,84
Bolivia,BOL,2012,82.1
Bolivia,BOL,2013,84.2
Bolivia,BOL,2014,83.9
Bolivia,BOL,2015,88.8
Bolivia,BOL,2016,89.8
Bolivia,BOL,2017,99.5
Bolivia,BOL,2018,71.5
Bolivia,BOL,2019,81.1
Bosnia and Herzegovina,BIH,1989,96.6
Bosnia and Herzegovina,BIH,1990,97
Bosnia and Herzegovina,BIH,1991,97.4
Bosnia and Herzegovina,BIH,1996,98.9
Bosnia and Herzegovina,BIH,1997,98.7
Bosnia and Herzegovina,BIH,1998,99.3
Bosnia and Herzegovina,BIH,1999,99.6
Bosnia and Herzegovina,BIH,2000,98.9
Bosnia and Herzegovina,BIH,2001,99.9
Bosnia and Herzegovina,BIH,2002,99.9
Bosnia and Herzegovina,BIH,2003,99.9
Bosnia and Herzegovina,BIH,2004,99.9
Bosnia and Herzegovina,BIH,2005,99.9
Bosnia and Herzegovina,BIH,2006,99.4
Bosnia and Herzegovina,BIH,2007,99.9
Bosnia and Herzegovina,BIH,2008,99.9
Bosnia and Herzegovina,BIH,2009,99.9
Bosnia and Herzegovina,BIH,2010,99.9
Bosnia and Herzegovina,BIH,2011,99.9
Bosnia and Herzegovina,BIH,2012,99.9
Bosnia and Herzegovina,BIH,2014,99.9
Bosnia and Herzegovina,BIH,2015,99.9
Bosnia and Herzegovina,BIH,2016,99.9
Bosnia and Herzegovina,BIH,2017,99.9
Bosnia and Herzegovina,BIH,2018,99.9
Bosnia and Herzegovina,BIH,2019,99.9
Botswana,BWA,1988,77.4
Botswana,BWA,1996,87
Botswana,BWA,2000,98.5
Botswana,BWA,2001,92
Botswana,BWA,2002,96.5
Botswana,BWA,2003,96.1
Botswana,BWA,2004,97.3
Botswana,BWA,2005,94
Botswana,BWA,2006,99.3
Botswana,BWA,2007,94.6
Botswana,BWA,2008,98.3
Botswana,BWA,2009,99.5
Botswana,BWA,2010,99.1
Botswana,BWA,2011,99.8
Botswana,BWA,2012,99.8
Botswana,BWA,2013,99.9
Botswana,BWA,2014,99.5
Botswana,BWA,2015,99.7
Botswana,BWA,2016,99.7
Botswana,BWA,2017,99.8
Brazil,BRA,1991,69.5
Brazil,BRA,1996,87.3
Brazil,BRA,1997,98.6
Brazil,BRA,1998,98.6
Brazil,BRA,1999,98.6
Brazil,BRA,2000,98.6
Brazil,BRA,2001,98.3
Brazil,BRA,2002,98.5
Brazil,BRA,2003,98.4
Brazil,BRA,2004,98.6
Brazil,BRA,2005,98.6
Brazil,BRA,2006,97
Brazil,BRA,2007,98.6
Brazil,BRA,2008,98.8
Brazil,BRA,2009,98.9
Brazil,BRA,2010,98.9
Brazil,BRA,2011,99
Brazil,BRA,2012,99
Brazil,BRA,2013,98
Brazil,BRA,2014,98.4
Brazil,BRA,2015,98.2
Brazil,BRA,2016,98.6
Brazil,BRA,2017,98.7
Brazil,BRA,2018,98.8
Brazil,BRA,2019,99.1
British Virgin Islands,VGB,1995,100
British Virgin Islands,VGB,1999,100
British Virgin Islands,VGB,2005,100
Brunei,BRN,1991,97.8
Brunei,BRN,1992,98
Brunei,BRN,1993,97.8
Brunei,BRN,1994,98.2
Brunei,BRN,1995,96.2
Brunei,BRN,1996,98.9
Brunei,BRN,1997,99.6
Brunei,BRN,1998,99.3
Brunei,BRN,1999,99.4
Brunei,BRN,2000,99.2
Brunei,BRN,2001,99.7
Brunei,BRN,2002,99.6
Brunei,BRN,2003,99.6
Brunei,BRN,2004,99.6
Brunei,BRN,2005,99.7
Brunei,BRN,2006,99.7
Brunei,BRN,2007,99.9
Brunei,BRN,2008,99.7
Brunei,BRN,2009,99.9
Brunei,BRN,2010,99.8
Brunei,BRN,2011,99.7
Brunei,BRN,2012,99.8
Brunei,BRN,2013,99.7
Brunei,BRN,2014,99.9
Brunei,BRN,2015,100
Brunei,BRN,2016,100
Brunei,BRN,2017,99.8
Bulgaria,BGR,1989,99.3
Bulgaria,BGR,1990,99.1
Bulgaria,BGR,1991,99.5
Bulgaria,BGR,1992,99.8
Bulgaria,BGR,1993,99
Bulgaria,BGR,1994,99
Bulgaria,BGR,1995,98.9
Bulgaria,BGR,1996,99.9
Bulgaria,BGR,1997,99.9
Bulgaria,BGR,1998,99.88003
Bulgaria,BGR,1999,99
Bulgaria,BGR,2000,99.8
Bulgaria,BGR,2001,98.9
Bulgaria,BGR,2002,99.2
Bulgaria,BGR,2003,99.2
Bulgaria,BGR,2004,99.4
Bulgaria,BGR,2005,99.4
Bulgaria,BGR,2006,99.4
Bulgaria,BGR,2007,99.6
Bulgaria,BGR,2008,99.6
Bulgaria,BGR,2009,99.6
Bulgaria,BGR,2010,99.5
Bulgaria,BGR,2013,99.7
Bulgaria,BGR,2014,99.7
Bulgaria,BGR,2015,99.8
Burkina Faso,BFA,1993,41.4
Burkina Faso,BFA,1999,30.9
Burkina Faso,BFA,2003,37.8
Burkina Faso,BFA,2006,53.5
Burkina Faso,BFA,2010,23
Burkina Faso,BFA,2015,79.8
Burundi,BDI,1987,19.1
Burundi,BDI,2000,25.2
Burundi,BDI,2005,31.8
Burundi,BDI,2010,60.3
Burundi,BDI,2012,78.4
Burundi,BDI,2017,85.1
Cambodia,KHM,1995,43.3
Cambodia,KHM,1998,34
Cambodia,KHM,2000,31.8
Cambodia,KHM,2004,16.3
Cambodia,KHM,2005,43.8
Cambodia,KHM,2006,43.8
Cambodia,KHM,2010,71
Cambodia,KHM,2011,71
Cambodia,KHM,2012,74
Cambodia,KHM,2014,89
Cameroon,CMR,1991,63.5
Cameroon,CMR,1998,55
Cameroon,CMR,2000,56
Cameroon,CMR,2004,58.9
Cameroon,CMR,2006,58.9
Cameroon,CMR,2011,63.6
Cameroon,CMR,2014,64.7
Cameroon,CMR,2018,69
Canada,CAN,1987,100
Canada,CAN,1991,99.1
Canada,CAN,1992,99.6
Canada,CAN,1993,99.4
Canada,CAN,1994,99.3
Canada,CAN,1995,99.4
Canada,CAN,1996,99.2
Canada,CAN,1997,99.3
Canada,CAN,1998,99.3
Canada,CAN,1999,99.2
Canada,CAN,2000,99.3
Canada,CAN,2001,99.3
Canada,CAN,2002,99.3
Canada,CAN,2003,98.9
Canada,CAN,2004,99
Canada,CAN,2005,98.8
Canada,CAN,2006,98.8
Canada,CAN,2007,98.8
Canada,CAN,2008,98.7
Canada,CAN,2009,98.6
Canada,CAN,2010,98.5
Canada,CAN,2011,98.4
Canada,CAN,2012,98.1
Canada,CAN,2013,98
Canada,CAN,2014,97.9
Canada,CAN,2015,97.9
Canada,CAN,2016,97.8
Canada,CAN,2017,97.9
Canada,CAN,2018,98
Canada,CAN,2019,98
Canada,CAN,2020,98
Cape Verde,CPV,1995,54
Cape Verde,CPV,1998,88.5
Cape Verde,CPV,2005,77.5
Cape Verde,CPV,2006,76.4
Cape Verde,CPV,2007,74.4
Cape Verde,CPV,2008,74.6
Cape Verde,CPV,2009,75.6
Cape Verde,CPV,2010,98.5
Cape Verde,CPV,2011,98.7
Cape Verde,CPV,2013,92.3
Cape Verde,CPV,2014,95.6
Cape Verde,CPV,2015,91.4
Cape Verde,CPV,2016,92.6
Cape Verde,CPV,2017,92.4
Cape Verde,CPV,2018,97.3
Cayman Islands,CYM,2005,100
Central African Republic,CAF,1995,45.9
Central African Republic,CAF,2000,31.7
Central African Republic,CAF,2006,41.4
Central African Republic,CAF,2008,43.7
Central African Republic,CAF,2009,43.7
Central African Republic,CAF,2010,40
Central African Republic,CAF,2019,40.3
Chad,TCD,1997,12.2
Chad,TCD,2000,13.7
Chad,TCD,2004,14.5
Chad,TCD,2010,16.6
Chad,TCD,2015,24.3
Chad,TCD,2019,38.8
Chile,CHL,1993,99
Chile,CHL,1994,99.5
Chile,CHL,1995,99.5
Chile,CHL,1996,99.6
Chile,CHL,1997,99.4
Chile,CHL,1998,99.6
Chile,CHL,1999,99.4
Chile,CHL,2000,99.8
Chile,CHL,2001,99.8
Chile,CHL,2002,99.8
Chile,CHL,2003,99.8
Chile,CHL,2004,99.8
Chile,CHL,2005,99.8
Chile,CHL,2006,99.8
Chile,CHL,2007,99.7
Chile,CHL,2008,99.8
Chile,CHL,2009,99.8
Chile,CHL,2010,99.8
Chile,CHL,2011,99.9
Chile,CHL,2012,99.8
Chile,CHL,2013,99.8
Chile,CHL,2014,99.8
Chile,CHL,2015,99.7
Chile,CHL,2016,99.7
Chile,CHL,2017,99.8
Chile,CHL,2018,99.8
Chile,CHL,2019,99.8
China,CHN,1990,94
China,CHN,1991,93.7
China,CHN,1992,84.1
China,CHN,1993,83.6
China,CHN,1994,90.4
China,CHN,1995,89.3
China,CHN,1996,93.1
China,CHN,1997,93.8
China,CHN,1999,96.8
China,CHN,2000,96.6
China,CHN,2001,97.3
China,CHN,2002,96.7
China,CHN,2003,95.9
China,CHN,2004,97.3
China,CHN,2005,97.5
China,CHN,2006,97.8
China,CHN,2007,98.4
China,CHN,2008,99.1
China,CHN,2009,99.3
China,CHN,2010,99.6
China,CHN,2011,99.7
China,CHN,2012,99.8
China,CHN,2013,99.9
China,CHN,2014,99.9
China,CHN,2015,99.9
China,CHN,2016,99.9
Colombia,COL,1986,71.1
Colombia,COL,1990,80.6
Colombia,COL,1995,84.5
Colombia,COL,1998,91.3
Colombia,COL,1999,92.1
Colombia,COL,2000,88.3
Colombia,COL,2001,93.1
Colombia,COL,2002,94.5
Colombia,COL,2003,95
Colombia,COL,2004,95.6
Colombia,COL,2005,92.6
Colombia,COL,2006,97.1
Colombia,COL,2007,97.8
Colombia,COL,2008,98.1
Colombia,COL,2009,98.6
Colombia,COL,2010,95.6
Colombia,COL,2011,99.2
Colombia,COL,2012,98.7
Colombia,COL,2013,98.7
Colombia,COL,2014,98.9
Colombia,COL,2015,95.9
Colombia,COL,2016,95.9
Colombia,COL,2017,99.3
Colombia,COL,2018,98.4
Colombia,COL,2019,98.8
Comoros,COM,1996,51.6
Comoros,COM,2000,61.8
Comoros,COM,2012,82.2
Congo,COG,2005,31.2
Congo,COG,2012,83.1
Congo,COG,2015,91.2
Costa Rica,CRI,1986,97
Costa Rica,CRI,1992,98
Costa Rica,CRI,1993,97
Costa Rica,CRI,1998,98
Costa Rica,CRI,1999,98.2
Costa Rica,CRI,2000,96.6
Costa Rica,CRI,2001,98
Costa Rica,CRI,2002,98.5
Costa Rica,CRI,2003,98.2
Costa Rica,CRI,2004,98.5
Costa Rica,CRI,2005,98.5
Costa Rica,CRI,2006,98.6
Costa Rica,CRI,2007,98.7
Costa Rica,CRI,2008,99.1
Costa Rica,CRI,2009,99.1
Costa Rica,CRI,2010,95.3
Costa Rica,CRI,2011,98.4
Costa Rica,CRI,2012,98.9
Costa Rica,CRI,2013,99
Costa Rica,CRI,2014,99.2
Costa Rica,CRI,2015,90
Costa Rica,CRI,2016,98.8
Costa Rica,CRI,2017,98.7
Costa Rica,CRI,2018,98.5
Costa Rica,CRI,2019,99
Cote d'Ivoire,CIV,1994,45.4
Cote d'Ivoire,CIV,1999,47.1
Cote d'Ivoire,CIV,2000,62.8
Cote d'Ivoire,CIV,2004,68
Cote d'Ivoire,CIV,2005,55.1
Cote d'Ivoire,CIV,2006,56.8
Cote d'Ivoire,CIV,2012,59.4
Cote d'Ivoire,CIV,2016,73.6
Croatia,HRV,1989,99.7
Croatia,HRV,1990,99.8
Croatia,HRV,1991,99.8
Croatia,HRV,1992,99.8
Croatia,HRV,1993,99.8
Croatia,HRV,1994,99.8
Croatia,HRV,1995,99.9
Croatia,HRV,1996,99.8
Croatia,HRV,1997,99.9
Croatia,HRV,1998,99.9
Croatia,HRV,1999,99.9
Croatia,HRV,2000,99.9
Croatia,HRV,2001,99.9
Croatia,HRV,2002,99.9
Croatia,HRV,2003,99.9
Croatia,HRV,2004,99.9
Croatia,HRV,2005,99.9
Croatia,HRV,2006,99.9
Croatia,HRV,2007,99.9
Croatia,HRV,2008,99.9
Croatia,HRV,2009,99.9
Croatia,HRV,2010,99.9
Croatia,HRV,2011,99.9
Croatia,HRV,2012,99.9
Croatia,HRV,2013,99.9
Croatia,HRV,2014,99.9
Croatia,HRV,2015,99.9
Croatia,HRV,2016,99.9
Croatia,HRV,2017,99.9
Croatia,HRV,2019,99.96
Cuba,CUB,1990,99.8
Cuba,CUB,1991,99.8
Cuba,CUB,1992,99.8
Cuba,CUB,1993,99.8
Cuba,CUB,1994,99.8
Cuba,CUB,1995,99.8
Cuba,CUB,1996,99.8
Cuba,CUB,1997,99.9
Cuba,CUB,1998,99.9
Cuba,CUB,1999,99.9
Cuba,CUB,2000,99.9
Cuba,CUB,2001,99.9
Cuba,CUB,2002,99.9
Cuba,CUB,2003,99.9
Cuba,CUB,2004,99.9
Cuba,CUB,2005,99.9
Cuba,CUB,2006,99.9
Cuba,CUB,2007,99.9
Cuba,CUB,2008,99.9
Cuba,CUB,2009,99.9
Cuba,CUB,2010,99.9
Cuba,CUB,2011,99.9
Cuba,CUB,2012,99.9
Cuba,CUB,2013,99.9
Cuba,CUB,2014,99.4
Cuba,CUB,2015,99.9
Cuba,CUB,2016,99.9
Cuba,CUB,2017,99.9
Cuba,CUB,2018,99.9
Cuba,CUB,2019,100
Cyprus,CYP,1990,100
Cyprus,CYP,1991,100
Cyprus,CYP,1992,100
Cyprus,CYP,1993,100
Cyprus,CYP,1994,100
Cyprus,CYP,1995,100
Cyprus,CYP,1996,100
Cyprus,CYP,1997,100
Cyprus,CYP,1998,100
Cyprus,CYP,1999,100
Cyprus,CYP,2000,97.9
Cyprus,CYP,2003,99
Cyprus,CYP,2004,95.7
Cyprus,CYP,2005,99.3
Cyprus,CYP,2006,98.5
Cyprus,CYP,2007,98.3
Cyprus,CYP,2008,97.2
Cyprus,CYP,2009,98.3
Cyprus,CYP,2010,98.6
Cyprus,CYP,2011,98.3
Cyprus,CYP,2012,98.7
Cyprus,CYP,2013,99.9
Cyprus,CYP,2014,97.4
Cyprus,CYP,2015,97.1
Cyprus,CYP,2016,95.6
Cyprus,CYP,2017,96
Cyprus,CYP,2018,98.3
Cyprus,CYP,2019,99.3
Czechia,CZE,1989,100
Czechia,CZE,1990,100
Czechia,CZE,1991,100
Czechia,CZE,1992,100
Czechia,CZE,1993,100
Czechia,CZE,1994,100
Czechia,CZE,1995,100
Czechia,CZE,1996,100
Czechia,CZE,1997,100
Czechia,CZE,1998,99.9
Czechia,CZE,1999,99.9
Czechia,CZE,2000,99.8
Czechia,CZE,2001,99.8
Czechia,CZE,2002,99.8
Czechia,CZE,2003,99.8
Czechia,CZE,2004,99.8
Czechia,CZE,2005,99.8
Czechia,CZE,2006,99.7
Czechia,CZE,2007,99.7
Czechia,CZE,2008,99.6
Czechia,CZE,2009,99.6
Czechia,CZE,2010,99.7
Czechia,CZE,2011,99.9
Czechia,CZE,2012,99.9
Czechia,CZE,2013,99.8
Czechia,CZE,2014,99.8
Czechia,CZE,2017,99.8
Democratic Republic of Congo,COD,2001,60.7
Democratic Republic of Congo,COD,2007,74
Democratic Republic of Congo,COD,2010,74.1
Democratic Republic of Congo,COD,2014,80.1
Democratic Republic of Congo,COD,2018,85.2
Denmark,DNK,1987,100
Denmark,DNK,1997,98.3
Denmark,DNK,1998,98.8
Denmark,DNK,1999,98.7
Denmark,DNK,2000,98.8
Denmark,DNK,2001,98.9
Denmark,DNK,2002,98.8
Denmark,DNK,2003,98.9
Denmark,DNK,2004,98.6
Denmark,DNK,2005,98.8
Denmark,DNK,2006,98.7
Denmark,DNK,2007,97.8
Denmark,DNK,2009,98.7
Denmark,DNK,2010,98.5
Denmark,DNK,2011,98.5
Denmark,DNK,2012,98.2
Denmark,DNK,2013,96.3
Denmark,DNK,2014,95.9
Denmark,DNK,2015,95.4
Denmark,DNK,2016,94.4
Denmark,DNK,2017,95.1
Denmark,DNK,2018,95.3
Djibouti,DJI,2003,60.6
Djibouti,DJI,2006,78.4
Djibouti,DJI,2012,87.4
Dominica,DMA,1995,100
Dominica,DMA,1998,95
Dominica,DMA,1999,99.9
Dominica,DMA,2000,100
Dominica,DMA,2001,100
Dominica,DMA,2002,100
Dominica,DMA,2003,100
Dominica,DMA,2004,100
Dominica,DMA,2005,99
Dominica,DMA,2007,94
Dominica,DMA,2008,100
Dominica,DMA,2009,100
Dominica,DMA,2010,100
Dominica,DMA,2011,100
Dominica,DMA,2012,100
Dominica,DMA,2013,100
Dominica,DMA,2014,100
Dominica,DMA,2015,100
Dominica,DMA,2016,100
Dominica,DMA,2017,100
Dominica,DMA,2018,100
Dominica,DMA,2019,100
Dominica,DMA,2020,100
Dominican Republic,DOM,1986,89.8
Dominican Republic,DOM,1991,92.2
Dominican Republic,DOM,1996,95.3
Dominican Republic,DOM,1999,97.4
Dominican Republic,DOM,2000,97.6
Dominican Republic,DOM,2002,97.8
Dominican Republic,DOM,2006,95.5
Dominican Republic,DOM,2007,97.8
Dominican Republic,DOM,2010,97.8
Dominican Republic,DOM,2011,98.7
Dominican Republic,DOM,2012,98.8
Dominican Republic,DOM,2013,98.2
Dominican Republic,DOM,2014,98.6
Dominican Republic,DOM,2015,99.6
Dominican Republic,DOM,2016,99.8
Dominican Republic,DOM,2017,99.8
Dominican Republic,DOM,2018,99.7
Dominican Republic,DOM,2019,99.2
East Asia and Pacific (WB),,1990,85.04184
East Asia and Pacific (WB),,2000,85.3056
East Asia and Pacific (WB),,2010,92.43514
East Asia and Pacific (WB),,2019,95.41986
East Timor,TLS,1997,25.8
East Timor,TLS,2002,24
East Timor,TLS,2003,18.4
East Timor,TLS,2010,29.9
East Timor,TLS,2016,56.7
Ecuador,ECU,1987,61.3
Ecuador,ECU,1994,98.7
Ecuador,ECU,1999,99.1
Ecuador,ECU,2000,70.93118
Ecuador,ECU,2001,71.38548
Ecuador,ECU,2002,73.70105
Ecuador,ECU,2003,75.101524
Ecuador,ECU,2004,76.41589
Ecuador,ECU,2005,78.54902
Ecuador,ECU,2006,80.5507
Ecuador,ECU,2007,82.0018
Ecuador,ECU,2008,83.959045
Ecuador,ECU,2009,85.64073
Ecuador,ECU,2010,87.437706
Ecuador,ECU,2011,89.67108
Ecuador,ECU,2012,91.686424
Ecuador,ECU,2013,93.31785
Ecuador,ECU,2014,94.73425
Ecuador,ECU,2015,94.23076
Ecuador,ECU,2016,94.0591
Ecuador,ECU,2017,95.58197
Ecuador,ECU,2018,95.92251
Ecuador,ECU,2019,97.154915
Egypt,EGY,1988,34.6
Egypt,EGY,1991,36.5
Egypt,EGY,1992,40.7
Egypt,EGY,1993,40.7
Egypt,EGY,1995,46.2
Egypt,EGY,1996,46.3
Egypt,EGY,1997,56.4
Egypt,EGY,1998,55.2
Egypt,EGY,2000,60.9
Egypt,EGY,2003,69.4
Egypt,EGY,2005,74.2
Egypt,EGY,2008,78.9
Egypt,EGY,2014,91.5
El Salvador,SLV,1985,85.4
El Salvador,SLV,1988,90
El Salvador,SLV,1993,87.4
El Salvador,SLV,1998,90.4
El Salvador,SLV,2003,92.4
El Salvador,SLV,2005,87.2
El Salvador,SLV,2006,89.6
El Salvador,SLV,2007,93.1
El Salvador,SLV,2008,95.5
El Salvador,SLV,2009,97.5
El Salvador,SLV,2010,98
El Salvador,SLV,2011,99
El Salvador,SLV,2012,99.5
El Salvador,SLV,2013,99.8
El Salvador,SLV,2014,98
El Salvador,SLV,2015,99.9
El Salvador,SLV,2016,99.9
El Salvador,SLV,2017,99.9
El Salvador,SLV,2018,99.9
Equatorial Guinea,GNQ,1994,5
Equatorial Guinea,GNQ,2000,64.6
Equatorial Guinea,GNQ,2011,68.3
Eritrea,ERI,1995,20.6
Eritrea,ERI,1996,20.6
Eritrea,ERI,2002,28.3
Eritrea,ERI,2010,34.1
Estonia,EST,1989,99
Estonia,EST,1992,98.9
Estonia,EST,1993,99.1
Estonia,EST,1994,99.1
Estonia,EST,1995,99.3
Estonia,EST,1996,99.4
Estonia,EST,1997,99.3
Estonia,EST,1998,99.5
Estonia,EST,1999,99.5
Estonia,EST,2000,99.6
Estonia,EST,2001,99.6
Estonia,EST,2002,99.6
Estonia,EST,2003,99.5
Estonia,EST,2004,99.8
Estonia,EST,2005,99.7
Estonia,EST,2006,99.7
Estonia,EST,2007,99.7
Estonia,EST,2008,99.7
Estonia,EST,2009,99.7
Estonia,EST,2010,99.8
Estonia,EST,2011,99.7
Estonia,EST,2012,99.8
Estonia,EST,2013,99.7
Estonia,EST,2014,99.7
Estonia,EST,2015,99.7
Estonia,EST,2016,99.7
Estonia,EST,2017,99.5
Estonia,EST,2018,99.6
Estonia,EST,2019,99.7
Estonia,EST,2020,99.6
Eswatini,SWZ,1994,56
Eswatini,SWZ,2000,65.4
Eswatini,SWZ,2002,74
Eswatini,SWZ,2007,74.3
Eswatini,SWZ,2010,82
Eswatini,SWZ,2014,88.3
Ethiopia,ETH,1998,6.5
Ethiopia,ETH,2000,5.6
Ethiopia,ETH,2004,6.4
Ethiopia,ETH,2005,5.7
Ethiopia,ETH,2011,10.8
Ethiopia,ETH,2013,23.1
Ethiopia,ETH,2014,15.5
Ethiopia,ETH,2016,27.7
Ethiopia,ETH,2019,49.8
Europe and Central Asia (WB),,2000,95.429535
Europe and Central Asia (WB),,2010,98.30603
Europe and Central Asia (WB),,2019,98.50631
European Union (27),,2000,99.38824
European Union (27),,2010,98.65295
European Union (27),,2019,98.08162
Fiji,FJI,1990,95.3
Fiji,FJI,1991,94.5
Fiji,FJI,1993,97.6
Fiji,FJI,1994,96.2
Fiji,FJI,1995,96.2
Fiji,FJI,1996,96.3
Fiji,FJI,1997,96.2
Fiji,FJI,1998,96.7
Fiji,FJI,1999,96.4
Fiji,FJI,2000,96.9
Fiji,FJI,2001,98.4
Fiji,FJI,2002,96.9
Fiji,FJI,2003,96.7
Fiji,FJI,2004,97
Fiji,FJI,2005,97.2
Fiji,FJI,2006,99.3
Fiji,FJI,2007,99
Fiji,FJI,2008,98.8
Fiji,FJI,2009,99.8
Fiji,FJI,2010,99.7
Fiji,FJI,2011,99.6
Fiji,FJI,2012,99.3
Fiji,FJI,2013,98.8
Fiji,FJI,2014,99.7
Fiji,FJI,2015,99.9
Fiji,FJI,2016,99.8
Fiji,FJI,2021,99.8
Finland,FIN,1990,98.8
Finland,FIN,1992,98.6
Finland,FIN,1993,98.6
Finland,FIN,1994,98.5
Finland,FIN,1995,98.5
Finland,FIN,1996,98.4
Finland,FIN,1997,98.4
Finland,FIN,1998,98.3
Finland,FIN,1999,98.4
Finland,FIN,2000,99.9
Finland,FIN,2001,99.9
Finland,FIN,2002,99.9
Finland,FIN,2003,99.9
Finland,FIN,2004,99.8
Finland,FIN,2005,99.9
Finland,FIN,2006,99.8
Finland,FIN,2007,99.8
Finland,FIN,2008,99.8
Finland,FIN,2009,99.8
Finland,FIN,2010,99.8
Finland,FIN,2011,99.8
Finland,FIN,2012,99.8
Finland,FIN,2013,99.7
Finland,FIN,2014,99.7
Finland,FIN,2015,99.7
Finland,FIN,2016,99.6
Finland,FIN,2017,99.6
Finland,FIN,2018,99.6
Finland,FIN,2019,99.5
Finland,FIN,2020,99.6
France,FRA,1993,99
France,FRA,2001,99.6
France,FRA,2004,98
France,FRA,2005,97.9
France,FRA,2006,98.3
France,FRA,2007,98.1
France,FRA,2008,98
France,FRA,2009,97.9
France,FRA,2010,97.5
France,FRA,2011,96.2
France,FRA,2012,97.1
France,FRA,2013,98.3
France,FRA,2014,98.3
France,FRA,2015,97.7
France,FRA,2016,97.4
France,FRA,2017,98
France,FRA,2018,98.1
France,FRA,2019,97.6
French Polynesia,PYF,2000,99
Gabon,GAB,2000,82.6
Gabon,GAB,2001,85.5
Gabon,GAB,2012,87.1
Gambia,GMB,1990,44.1
Gambia,GMB,2000,51.6
Gambia,GMB,2006,52.1
Gambia,GMB,2010,56.1
Gambia,GMB,2013,57.2
Gambia,GMB,2018,82.7
Gambia,GMB,2020,83.8
Georgia,GEO,1989,94.6
Georgia,GEO,1990,96.6
Georgia,GEO,1991,91.3
Georgia,GEO,1992,91.1
Georgia,GEO,1993,90.8
Georgia,GEO,1998,96
Georgia,GEO,1999,96.4
Georgia,GEO,2000,95.5
Georgia,GEO,2001,96.6
Georgia,GEO,2002,97.4
Georgia,GEO,2003,97.2
Georgia,GEO,2004,97.5
Georgia,GEO,2005,98.3
Georgia,GEO,2006,98.8
Georgia,GEO,2007,99.4
Georgia,GEO,2008,99.6
Georgia,GEO,2009,99.7
Georgia,GEO,2010,99.6
Georgia,GEO,2011,99.8
Georgia,GEO,2012,99.8
Georgia,GEO,2013,99.9
Georgia,GEO,2014,99.9
Georgia,GEO,2015,99.9
Georgia,GEO,2016,99.9
Georgia,GEO,2017,99.9
Georgia,GEO,2018,99.8
Georgia,GEO,2019,99.8
Georgia,GEO,2020,99.8
Germany,DEU,1986,100
Germany,DEU,1999,98.7
Germany,DEU,2000,98.6
Germany,DEU,2001,98.6
Germany,DEU,2002,98.6
Germany,DEU,2003,98.6
Germany,DEU,2004,98.2
Germany,DEU,2005,98.2
Germany,DEU,2006,98.4
Germany,DEU,2007,98.4
Germany,DEU,2008,98.5
Germany,DEU,2009,98.3
Germany,DEU,2010,96.8
Germany,DEU,2011,96.9
Germany,DEU,2012,97
Germany,DEU,2013,96.9
Germany,DEU,2014,96.9
Germany,DEU,2015,97.1
Germany,DEU,2016,96.2
Germany,DEU,2017,97.1
Germany,DEU,2018,96.2
Germany,DEU,2019,96.2
Ghana,GHA,1988,40.1
Ghana,GHA,1993,43.8
Ghana,GHA,1994,43.8
Ghana,GHA,1998,44.3
Ghana,GHA,1999,44.3
Ghana,GHA,2003,47.1
Ghana,GHA,2006,49.7
Ghana,GHA,2007,55.2
Ghana,GHA,2008,58.7
Ghana,GHA,2011,67.2
Ghana,GHA,2014,73.7
Ghana,GHA,2017,78.1
Ghana,GHA,2018,78.9
Greece,GRC,1980,99.29
Greece,GRC,1981,99.37
Greece,GRC,1982,99.45
Greece,GRC,1983,99.51
Greece,GRC,1984,99.6
Greece,GRC,1985,99.7
Greece,GRC,1986,99.71
Greece,GRC,1987,99.69
Greece,GRC,1988,99.73
Greece,GRC,1989,99.77
Greece,GRC,1990,99.82
Greece,GRC,1991,99.78
Greece,GRC,1992,99.78
Greece,GRC,1993,99.81
Greece,GRC,1994,99.87
Greece,GRC,1995,99.88
Greece,GRC,1996,99.86
Greece,GRC,1997,99.89
Greece,GRC,1998,99.9
Greece,GRC,1999,99.93
Greece,GRC,2000,99.94
Greece,GRC,2001,99.95
Greece,GRC,2002,99.96
Greece,GRC,2003,99.98
Greece,GRC,2004,99.97
Greece,GRC,2005,99.97
Greece,GRC,2006,99.99
Greece,GRC,2007,99.98
Greece,GRC,2008,99.97
Greece,GRC,2009,99.95
Greece,GRC,2010,99.96
Greece,GRC,2011,99.96
Greece,GRC,2012,99.91
Greece,GRC,2013,99.91
Greece,GRC,2014,99.93
Greece,GRC,2015,99.94
Greece,GRC,2016,99.94
Greece,GRC,2017,99.93
Greece,GRC,2018,99.9
Grenada,GRD,1995,100
Grenada,GRD,1998,99
Grenada,GRD,1999,99
Grenada,GRD,2000,100
Grenada,GRD,2002,100
Grenada,GRD,2003,100
Grenada,GRD,2005,100
Grenada,GRD,2007,98.8
Grenada,GRD,2009,100
Grenada,GRD,2011,100
Grenada,GRD,2012,99
Grenada,GRD,2013,99
Grenada,GRD,2014,99
Grenada,GRD,2015,99
Grenada,GRD,2016,99.3
Grenada,GRD,2017,100
Guam,GUM,2001,99.4
Guatemala,GTM,1984,35
Guatemala,GTM,1987,29.1
Guatemala,GTM,1995,34.8
Guatemala,GTM,1999,40.4
Guatemala,GTM,2000,41.4
Guatemala,GTM,2001,41.4
Guatemala,GTM,2002,41.4
Guatemala,GTM,2007,31.4
Guatemala,GTM,2009,51.5
Guatemala,GTM,2010,52.3
Guatemala,GTM,2012,58.7
Guatemala,GTM,2013,62.8
Guatemala,GTM,2014,67
Guatemala,GTM,2015,65.5
Guatemala,GTM,2016,69.8
Guatemala,GTM,2017,69.6
Guinea,GIN,1992,30.5
Guinea,GIN,1999,34.8
Guinea,GIN,2003,48.7
Guinea,GIN,2005,32.4
Guinea,GIN,2007,46.1
Guinea,GIN,2008,46.1
Guinea,GIN,2012,41.1
Guinea,GIN,2016,62.7
Guinea,GIN,2018,55.3
Guinea-Bissau,GNB,1995,25
Guinea-Bissau,GNB,2000,31.8
Guinea-Bissau,GNB,2006,31
Guinea-Bissau,GNB,2010,43
Guinea-Bissau,GNB,2014,45
Guinea-Bissau,GNB,2019,53.8
Guyana,GUY,1995,93
Guyana,GUY,1997,95
Guyana,GUY,1998,94
Guyana,GUY,2000,82.9
Guyana,GUY,2001,93.8
Guyana,GUY,2003,94
Guyana,GUY,2004,95.9
Guyana,GUY,2005,96.7
Guyana,GUY,2006,96.6
Guyana,GUY,2007,80.9
Guyana,GUY,2008,96
Guyana,GUY,2009,88.8
Guyana,GUY,2012,97.3
Guyana,GUY,2013,98.3
Guyana,GUY,2014,85.7
Guyana,GUY,2015,95.8
Guyana,GUY,2016,94.3
Guyana,GUY,2017,96.7
Guyana,GUY,2018,95.1
Guyana,GUY,2019,95
Guyana,GUY,2020,97.6
Haiti,HTI,1989,23
Haiti,HTI,1995,20.6
Haiti,HTI,2000,23.8
Haiti,HTI,2005,26.1
Haiti,HTI,2006,26.1
Haiti,HTI,2012,37.3
Haiti,HTI,2013,48.6
Haiti,HTI,2017,41.6
High-income countries,,2000,98.92063
High-income countries,,2010,98.97089
High-income countries,,2019,98.71873
Honduras,HND,1987,42.1
Honduras,HND,1992,46.9
Honduras,HND,1996,54.9
Honduras,HND,2001,55.7
Honduras,HND,2006,66.9
Honduras,HND,2012,82.9
Honduras,HND,2015,72
Honduras,HND,2016,79
Honduras,HND,2017,74
Honduras,HND,2019,94.1
Hong Kong,HKG,2005,100
Hungary,HUN,1989,99.4
Hungary,HUN,1990,99.4
Hungary,HUN,1991,99.4
Hungary,HUN,1992,99.5
Hungary,HUN,1993,99.4
Hungary,HUN,1994,99.4
Hungary,HUN,1995,99.4
Hungary,HUN,1996,99.5
Hungary,HUN,1997,99.5
Hungary,HUN,1998,99.5
Hungary,HUN,1999,99.5
Hungary,HUN,2000,99.5
Hungary,HUN,2001,99.6
Hungary,HUN,2002,99.6
Hungary,HUN,2003,99.6
Hungary,HUN,2004,99.6
Hungary,HUN,2005,99.6
Hungary,HUN,2006,99.7
Hungary,HUN,2007,99.6
Hungary,HUN,2008,99.5
Hungary,HUN,2009,99.6
Hungary,HUN,2010,99.1
Hungary,HUN,2011,99
Hungary,HUN,2012,99
Hungary,HUN,2013,99.1
Hungary,HUN,2014,99.2
Hungary,HUN,2015,99.6
Hungary,HUN,2016,99.7
Hungary,HUN,2017,99.7
Iceland,ISL,1990,100
Iceland,ISL,1991,99.9
Iceland,ISL,1992,99.8
Iceland,ISL,1993,99.8
Iceland,ISL,1994,99.8
Iceland,ISL,1995,99.8
Iceland,ISL,1996,99.8
Iceland,ISL,1997,99.8
Iceland,ISL,1998,99.9
Iceland,ISL,1999,99.6
Iceland,ISL,2000,99.3
Iceland,ISL,2001,99.5
Iceland,ISL,2002,99.4
Iceland,ISL,2003,99.4
Iceland,ISL,2004,99.4
Iceland,ISL,2005,99
Iceland,ISL,2006,98.9
Iceland,ISL,2007,98.9
Iceland,ISL,2008,98.7
Iceland,ISL,2009,98.8
Iceland,ISL,2010,98.2
Iceland,ISL,2011,97.9
Iceland,ISL,2012,97.8
Iceland,ISL,2013,98.1
Iceland,ISL,2014,97.8
Iceland,ISL,2015,98.2
Iceland,ISL,2016,97.9
Iceland,ISL,2017,98
Iceland,ISL,2018,98.2
Iceland,ISL,2019,98.3
Iceland,ISL,2020,97.4
India,IND,1993,34.2
India,IND,1999,42.3
India,IND,2000,42.5
India,IND,2006,45.5
India,IND,2008,52.3
India,IND,2014,81.4
India,IND,2016,81.4
India,IND,2021,89.4
Indonesia,IDN,1987,36.3
Indonesia,IDN,1990,40.7
Indonesia,IDN,1991,35.1
Indonesia,IDN,1992,40.7
Indonesia,IDN,1994,39.8
Indonesia,IDN,1995,49.7
Indonesia,IDN,1997,49.1
Indonesia,IDN,1998,56
Indonesia,IDN,2000,66.9
Indonesia,IDN,2002,68.4
Indonesia,IDN,2003,66.2
Indonesia,IDN,2004,71.5
Indonesia,IDN,2007,73
Indonesia,IDN,2008,74.86
Indonesia,IDN,2010,82.2
Indonesia,IDN,2012,83.1
Indonesia,IDN,2013,87.4
Indonesia,IDN,2016,92.6
Indonesia,IDN,2017,90.9
Indonesia,IDN,2018,93.6
Indonesia,IDN,2019,94.7
Iran,IRN,1997,86.1
Iran,IRN,2000,89.6
Iran,IRN,2005,97.3
Iran,IRN,2009,97.7
Iran,IRN,2010,96.4
Iran,IRN,2011,98.5
Iran,IRN,2012,98.8
Iran,IRN,2013,98.8
Iran,IRN,2014,99
Iraq,IRQ,1989,54
Iraq,IRQ,2000,65.2
Iraq,IRQ,2006,88.5
Iraq,IRQ,2007,79.7
Iraq,IRQ,2011,90.9
Iraq,IRQ,2012,70.4
Iraq,IRQ,2018,95.6
Ireland,IRL,1999,99.5
Ireland,IRL,2000,99.6
Ireland,IRL,2001,99.6
Ireland,IRL,2002,99.5
Ireland,IRL,2003,99.6
Ireland,IRL,2004,99.7
Ireland,IRL,2005,99.7
Ireland,IRL,2006,99.7
Ireland,IRL,2007,99.7
Ireland,IRL,2008,99.8
Ireland,IRL,2009,99.8
Ireland,IRL,2010,99.8
Ireland,IRL,2011,99.8
Ireland,IRL,2012,99.8
Ireland,IRL,2013,99.8
Ireland,IRL,2014,99.7
Ireland,IRL,2015,99.7
Ireland,IRL,2016,99.7
Ireland,IRL,2017,99.7
Isle of Man,IMN,1990,47.74766
Isle of Man,IMN,2000,71.50205
Isle of Man,IMN,2010,81.43068
Israel,ISR,1987,99
Italy,ITA,2000,99.8
Italy,ITA,2002,99.6
Italy,ITA,2003,99.6
Italy,ITA,2004,99.8
Italy,ITA,2005,99.8
Italy,ITA,2006,99.8
Italy,ITA,2007,99.6
Italy,ITA,2008,99.8
Italy,ITA,2009,99.8
Italy,ITA,2010,99.9
Italy,ITA,2011,99.9
Italy,ITA,2013,99.9
Italy,ITA,2014,99.9
Italy,ITA,2015,99.9
Italy,ITA,2016,99.9
Italy,ITA,2017,99.9
Italy,ITA,2018,99.9
Italy,ITA,2019,99.8
Jamaica,JAM,1989,92
Jamaica,JAM,1993,93.4
Jamaica,JAM,1996,90
Jamaica,JAM,1997,94.6
Jamaica,JAM,2000,95.9
Jamaica,JAM,2001,98.5
Jamaica,JAM,2002,96.9
Jamaica,JAM,2003,97.4
Jamaica,JAM,2005,96.7
Jamaica,JAM,2006,94.5
Jamaica,JAM,2007,93
Jamaica,JAM,2008,98.3
Jamaica,JAM,2009,98.3
Jamaica,JAM,2010,95.3
Jamaica,JAM,2011,99.1
Jamaica,JAM,2012,99.5
Jamaica,JAM,2013,99.7
Jamaica,JAM,2014,99.7
Jamaica,JAM,2015,99.7
Jamaica,JAM,2016,99.7
Jamaica,JAM,2017,99.7
Jamaica,JAM,2018,99.7
Japan,JPN,1990,99.9
Japan,JPN,1995,99.9
Japan,JPN,1996,100
Japan,JPN,2000,99.8
Japan,JPN,2001,99.8
Japan,JPN,2002,99.8
Japan,JPN,2003,99.8
Japan,JPN,2004,99.8
Japan,JPN,2005,99.8
Japan,JPN,2006,99.8
Japan,JPN,2007,99.8
Japan,JPN,2008,99.8
Japan,JPN,2009,99.8
Japan,JPN,2010,99.8
Japan,JPN,2011,99.8
Japan,JPN,2012,99.8
Japan,JPN,2014,99.8
Japan,JPN,2015,99.9
Japan,JPN,2016,99.8
Japan,JPN,2017,99.9
Japan,JPN,2018,99.9
Japan,JPN,2019,99.9
Japan,JPN,2020,99.9
Jordan,JOR,1990,87.3
Jordan,JOR,1997,96.6
Jordan,JOR,2002,98.3
Jordan,JOR,2007,99
Jordan,JOR,2012,99.6
Jordan,JOR,2018,99.7
Kazakhstan,KAZ,1989,99
Kazakhstan,KAZ,1990,99
Kazakhstan,KAZ,1991,98.1
Kazakhstan,KAZ,1992,98.9
Kazakhstan,KAZ,1993,98.6
Kazakhstan,KAZ,1994,98.3
Kazakhstan,KAZ,1995,99.6
Kazakhstan,KAZ,1996,98.1
Kazakhstan,KAZ,1997,97.6
Kazakhstan,KAZ,1998,98
Kazakhstan,KAZ,1999,98.7
Kazakhstan,KAZ,2000,98.3
Kazakhstan,KAZ,2001,98.5
Kazakhstan,KAZ,2002,98.9
Kazakhstan,KAZ,2003,99.4
Kazakhstan,KAZ,2004,99.4
Kazakhstan,KAZ,2005,99.4
Kazakhstan,KAZ,2006,99.8
Kazakhstan,KAZ,2007,99.5
Kazakhstan,KAZ,2008,99.3
Kazakhstan,KAZ,2009,99.4
Kazakhstan,KAZ,2010,99.4
Kazakhstan,KAZ,2011,99.9
Kazakhstan,KAZ,2012,99.99
Kazakhstan,KAZ,2013,99.99
Kazakhstan,KAZ,2014,99.99
Kazakhstan,KAZ,2015,99.4
Kazakhstan,KAZ,2016,99.9
Kazakhstan,KAZ,2017,99.9
Kazakhstan,KAZ,2018,99.9
Kenya,KEN,1989,50.1
Kenya,KEN,1993,45.1
Kenya,KEN,1998,44.3
Kenya,KEN,2000,42.6
Kenya,KEN,2003,41.6
Kenya,KEN,2009,43.8
Kenya,KEN,2014,61.8
Kenya,KEN,2016,70.2
Kiribati,KIR,1990,60
Kiribati,KIR,1994,72
Kiribati,KIR,1998,85
Kiribati,KIR,2000,85
Kiribati,KIR,2002,76
Kiribati,KIR,2005,63
Kiribati,KIR,2008,65
Kiribati,KIR,2009,79.8
Kiribati,KIR,2010,98.3
Kiribati,KIR,2019,91.9
Kosovo,OWID_KOS,2014,99
Kuwait,KWT,1986,96
Kuwait,KWT,1996,98.2
Kuwait,KWT,2002,100
Kuwait,KWT,2004,98.3
Kuwait,KWT,2005,98.6
Kuwait,KWT,2006,98.7
Kuwait,KWT,2007,98.7
Kuwait,KWT,2008,98.7
Kuwait,KWT,2009,98.7
Kuwait,KWT,2010,98.6
Kuwait,KWT,2011,98.8
Kuwait,KWT,2012,98.8
Kuwait,KWT,2013,98.7
Kuwait,KWT,2014,98.7
Kuwait,KWT,2015,99.9
Kuwait,KWT,2016,99.9
Kuwait,KWT,2017,99.9
Kuwait,KWT,2018,99.9
Kuwait,KWT,2019,99.9
Kyrgyzstan,KGZ,1989,98.8
Kyrgyzstan,KGZ,1990,98.9
Kyrgyzstan,KGZ,1991,98.9
Kyrgyzstan,KGZ,1992,98.7
Kyrgyzstan,KGZ,1993,98.3
Kyrgyzstan,KGZ,1994,98.2
Kyrgyzstan,KGZ,1995,98
Kyrgyzstan,KGZ,1996,98.1
Kyrgyzstan,KGZ,1997,98.1
Kyrgyzstan,KGZ,1998,98.5
Kyrgyzstan,KGZ,1999,98.5
Kyrgyzstan,KGZ,2000,98.6
Kyrgyzstan,KGZ,2001,98.7
Kyrgyzstan,KGZ,2002,98.8
Kyrgyzstan,KGZ,2003,98.9
Kyrgyzstan,KGZ,2004,98.2
Kyrgyzstan,KGZ,2005,97.9
Kyrgyzstan,KGZ,2006,97.6
Kyrgyzstan,KGZ,2007,98.4
Kyrgyzstan,KGZ,2008,98.5
Kyrgyzstan,KGZ,2009,98.5
Kyrgyzstan,KGZ,2010,98.3
Kyrgyzstan,KGZ,2011,98.6
Kyrgyzstan,KGZ,2012,99.1
Kyrgyzstan,KGZ,2013,99
Kyrgyzstan,KGZ,2014,98.4
Kyrgyzstan,KGZ,2018,99.8
Laos,LAO,2000,16.7
Laos,LAO,2001,19.4
Laos,LAO,2005,14.6
Laos,LAO,2006,18.9
Laos,LAO,2010,37
Laos,LAO,2012,40.1
Laos,LAO,2017,64.4
Latin America and Caribbean (WB),,1990,76.19145
Latin America and Caribbean (WB),,2000,87.04916
Latin America and Caribbean (WB),,2010,92.00022
Latin America and Caribbean (WB),,2019,94.93211
Latvia,LVA,1989,100
Latvia,LVA,1990,100
Latvia,LVA,1991,100
Latvia,LVA,1992,100
Latvia,LVA,1993,100
Latvia,LVA,1994,100
Latvia,LVA,1995,100
Latvia,LVA,1996,100
Latvia,LVA,1997,100
Latvia,LVA,1998,100
Latvia,LVA,1999,100
Latvia,LVA,2000,100
Latvia,LVA,2001,99
Latvia,LVA,2002,100
Latvia,LVA,2003,99
Latvia,LVA,2004,100
Latvia,LVA,2005,100
Latvia,LVA,2006,100
Latvia,LVA,2007,99.4
Latvia,LVA,2008,99.1
Latvia,LVA,2009,98.9
Latvia,LVA,2010,98.8
Latvia,LVA,2011,98.6
Latvia,LVA,2012,98.6
Latvia,LVA,2013,98.4
Latvia,LVA,2014,98.1
Latvia,LVA,2015,99.9
Latvia,LVA,2016,99.9
Latvia,LVA,2017,99.9
Lebanon,LBN,1996,89
Lebanon,LBN,2000,99.9
Lebanon,LBN,2004,98.2
Lesotho,LSO,1993,60.9
Lesotho,LSO,1994,37.6
Lesotho,LSO,2000,48.1
Lesotho,LSO,2004,55.4
Lesotho,LSO,2005,55.4
Lesotho,LSO,2009,61.5
Lesotho,LSO,2014,77.9
Lesotho,LSO,2018,86.6
Liberia,LBR,1986,57.9
Liberia,LBR,2000,50.9
Liberia,LBR,2007,46.3
Liberia,LBR,2013,61.1
Liberia,LBR,2020,84.4
Libya,LBY,1995,94.4
Libya,LBY,1999,99
Libya,LBY,2007,98.3
Libya,LBY,2008,99.8
Libya,LBY,2010,99.9
Libya,LBY,2011,99.9
Libya,LBY,2012,99.9
Libya,LBY,2013,99.9
Lithuania,LTU,1989,100
Lithuania,LTU,1990,100
Lithuania,LTU,1991,100
Lithuania,LTU,1992,100
Lithuania,LTU,1993,100
Lithuania,LTU,1994,100
Lithuania,LTU,1995,100
Lithuania,LTU,1996,100
Lithuania,LTU,1997,100
Lithuania,LTU,1998,100
Lithuania,LTU,1999,100
Lithuania,LTU,2000,100
Lithuania,LTU,2001,100
Lithuania,LTU,2002,100
Lithuania,LTU,2003,100
Lithuania,LTU,2004,100
Lithuania,LTU,2005,100
Lithuania,LTU,2006,100
Lithuania,LTU,2007,100
Lithuania,LTU,2008,100
Lithuania,LTU,2009,100
Lithuania,LTU,2010,100
Lithuania,LTU,2011,100
Lithuania,LTU,2012,100
Lithuania,LTU,2013,100
Lithuania,LTU,2014,100
Lithuania,LTU,2015,100
Lithuania,LTU,2016,100
Lithuania,LTU,2017,100
Lithuania,LTU,2018,100
Lithuania,LTU,2019,100
Lithuania,LTU,2020,100
Low-income countries,,2000,31.276554
Low-income countries,,2010,46.595997
Low-income countries,,2019,66.4542
Lower-middle-income countries,,2000,44.102737
Lower-middle-income countries,,2010,55.79938
Lower-middle-income countries,,2019,75.906555
Luxembourg,LUX,1986,100
Luxembourg,LUX,2002,99.9
Luxembourg,LUX,2003,99.9
Luxembourg,LUX,2009,99.9
Macao,MAC,2004,100
Madagascar,MDG,1992,56.7
Madagascar,MDG,1997,47.3
Madagascar,MDG,2000,47
Madagascar,MDG,2004,45.3
Madagascar,MDG,2009,43.9
Madagascar,MDG,2013,44.3
Madagascar,MDG,2018,46.1
Madagascar,MDG,2021,45.8
Malawi,MWI,1992,54.7
Malawi,MWI,2000,54.2
Malawi,MWI,2002,60.5
Malawi,MWI,2004,56.1
Malawi,MWI,2005,56.1
Malawi,MWI,2006,53.6
Malawi,MWI,2008,68
Malawi,MWI,2010,71.3
Malawi,MWI,2014,87.4
Malawi,MWI,2016,89.8
Malawi,MWI,2020,96.4
Malaysia,MYS,1990,92.8
Malaysia,MYS,1995,95.1
Malaysia,MYS,1998,96.2
Malaysia,MYS,2000,96.6
Malaysia,MYS,2001,96.8
Malaysia,MYS,2002,97
Malaysia,MYS,2003,97.6
Malaysia,MYS,2004,98
Malaysia,MYS,2005,98.1
Malaysia,MYS,2006,98.4
Malaysia,MYS,2007,98.6
Malaysia,MYS,2008,98.6
Malaysia,MYS,2009,98.6
Malaysia,MYS,2010,98.6
Malaysia,MYS,2011,98.6
Malaysia,MYS,2012,98.7
Malaysia,MYS,2013,98.8
Malaysia,MYS,2014,98.97
Malaysia,MYS,2015,99.4
Malaysia,MYS,2016,99.5
Malaysia,MYS,2017,99.6
Malaysia,MYS,2018,99.6
Malaysia,MYS,2019,99.6
Maldives,MDV,1994,90
Maldives,MDV,2001,70.3
Maldives,MDV,2004,84
Maldives,MDV,2005,91.6
Maldives,MDV,2006,94.2
Maldives,MDV,2007,96.3
Maldives,MDV,2008,98.3
Maldives,MDV,2009,94.8
Maldives,MDV,2010,98.2
Maldives,MDV,2011,98.8
Maldives,MDV,2012,95.5
Maldives,MDV,2013,95.6
Maldives,MDV,2014,95.6
Maldives,MDV,2017,99.5
Mali,MLI,1987,26.2
Mali,MLI,1996,40
Mali,MLI,2001,24.4
Mali,MLI,2006,49
Mali,MLI,2010,28.1
Mali,MLI,2013,58.6
Mali,MLI,2015,43.7
Mali,MLI,2018,67.3
Malta,MLT,1993,98
Malta,MLT,2001,99.9
Malta,MLT,2002,99.5
Malta,MLT,2003,99.5
Malta,MLT,2004,99.9
Malta,MLT,2005,99.7
Malta,MLT,2006,98.8
Malta,MLT,2007,99.8
Malta,MLT,2008,99.9
Malta,MLT,2009,99.8
Malta,MLT,2010,99.8
Malta,MLT,2011,99.8
Malta,MLT,2012,99.5
Malta,MLT,2013,99.9
Malta,MLT,2014,99.9
Malta,MLT,2015,99.8
Malta,MLT,2016,99.8
Malta,MLT,2017,99.7
Malta,MLT,2018,99.7
Malta,MLT,2019,99.7
Malta,MLT,2020,99.89
Marshall Islands,MHL,1998,94.9
Marshall Islands,MHL,2002,95
Marshall Islands,MHL,2007,86.2
Marshall Islands,MHL,2009,86.5
Marshall Islands,MHL,2010,90
Marshall Islands,MHL,2011,90.1
Marshall Islands,MHL,2017,92.4
Mauritania,MRT,1991,40
Mauritania,MRT,2001,53.4
Mauritania,MRT,2007,57.1
Mauritania,MRT,2011,65.1
Mauritania,MRT,2015,69.3
Mauritania,MRT,2021,70.4
Mauritius,MUS,1990,91.1
Mauritius,MUS,1991,94.5
Mauritius,MUS,1992,96.5
Mauritius,MUS,1993,96.3
Mauritius,MUS,1994,97.7
Mauritius,MUS,1995,98.1
Mauritius,MUS,1996,97.5
Mauritius,MUS,1997,97.8
Mauritius,MUS,1998,98.5
Mauritius,MUS,1999,99.8
Mauritius,MUS,2000,99.7
Mauritius,MUS,2003,98.4
Mauritius,MUS,2005,99.2
Mauritius,MUS,2008,99.5
Mauritius,MUS,2009,99.4
Mauritius,MUS,2010,99.5
Mauritius,MUS,2011,99.5
Mauritius,MUS,2012,99.6
Mauritius,MUS,2013,99.7
Mauritius,MUS,2014,99.7
Mauritius,MUS,2015,99.8
Mauritius,MUS,2016,99.7
Mauritius,MUS,2017,99.8
Mauritius,MUS,2018,99.8
Mauritius,MUS,2019,99.8
Mexico,MEX,1987,69.4
Mexico,MEX,1990,83.8
Mexico,MEX,1997,85.7
Mexico,MEX,2000,88.6
Mexico,MEX,2001,88
Mexico,MEX,2002,88.9
Mexico,MEX,2003,89.6
Mexico,MEX,2004,90.3
Mexico,MEX,2005,91.1
Mexico,MEX,2006,93.4
Mexico,MEX,2007,92.7
Mexico,MEX,2008,93.3
Mexico,MEX,2009,95.3
Mexico,MEX,2010,94.5
Mexico,MEX,2011,95.3
Mexico,MEX,2012,99.6
Mexico,MEX,2013,96.1
Mexico,MEX,2014,95.6
Mexico,MEX,2015,97.7
Mexico,MEX,2016,98
Mexico,MEX,2017,96.6
Micronesia (country),FSM,1998,88
Micronesia (country),FSM,1999,83.8
Micronesia (country),FSM,2000,82.8
Micronesia (country),FSM,2001,85.7
Micronesia (country),FSM,2002,81.6
Micronesia (country),FSM,2003,84.6
Micronesia (country),FSM,2005,82.7
Micronesia (country),FSM,2006,85.3
Micronesia (country),FSM,2008,90
Micronesia (country),FSM,2009,100
Middle East and North Africa (WB),,2000,77.7293
Middle East and North Africa (WB),,2010,82.51152
Middle-income countries,,2000,61.526295
Middle-income countries,,2010,70.4661
Middle-income countries,,2019,83.93303
Moldova,MDA,1989,100
Moldova,MDA,1990,100
Moldova,MDA,1991,100
Moldova,MDA,1992,100
Moldova,MDA,1993,100
Moldova,MDA,1994,100
Moldova,MDA,1995,100
Moldova,MDA,1996,100
Moldova,MDA,1997,99.1
Moldova,MDA,1998,98
Moldova,MDA,1999,98
Moldova,MDA,2000,98
Moldova,MDA,2001,99
Moldova,MDA,2002,99.6
Moldova,MDA,2003,99.4
Moldova,MDA,2004,99.3
Moldova,MDA,2005,99.5
Moldova,MDA,2006,99.6
Moldova,MDA,2007,99.6
Moldova,MDA,2008,99.5
Moldova,MDA,2009,99.7
Moldova,MDA,2010,99.2
Moldova,MDA,2011,99.4
Moldova,MDA,2012,99.2
Moldova,MDA,2013,99.8
Moldova,MDA,2014,99.7
Moldova,MDA,2015,99.7
Moldova,MDA,2016,99.7
Moldova,MDA,2017,99.7
Moldova,MDA,2018,99.7
Moldova,MDA,2019,99.7
Moldova,MDA,2020,99.6
Mongolia,MNG,1998,97.1
Mongolia,MNG,2000,96.6
Mongolia,MNG,2003,98.6
Mongolia,MNG,2004,99.7
Mongolia,MNG,2005,99.2
Mongolia,MNG,2008,99.4
Mongolia,MNG,2010,98.8
Mongolia,MNG,2013,98.9
Mongolia,MNG,2014,98.9
Mongolia,MNG,2018,99.3
Montenegro,MNE,2000,99.1
Montenegro,MNE,2001,96.6
Montenegro,MNE,2002,98
Montenegro,MNE,2003,98.9
Montenegro,MNE,2004,98.3
Montenegro,MNE,2005,99
Montenegro,MNE,2006,87.2
Montenegro,MNE,2007,99.7
Montenegro,MNE,2008,99.9
Montenegro,MNE,2009,99.5
Montenegro,MNE,2013,99
Montenegro,MNE,2018,98.8
Morocco,MAR,1984,24
Morocco,MAR,1987,26
Morocco,MAR,1992,30.8
Morocco,MAR,1995,39.6
Morocco,MAR,1997,45.6
Morocco,MAR,2004,62.6
Morocco,MAR,2010,74.1
Morocco,MAR,2011,73.6
Morocco,MAR,2018,86.6
Mozambique,MOZ,1997,44.2
Mozambique,MOZ,2003,47.7
Mozambique,MOZ,2008,55.3
Mozambique,MOZ,2011,54.3
Mozambique,MOZ,2015,73
Myanmar,MMR,1991,46.3
Myanmar,MMR,1997,56.4
Myanmar,MMR,2001,57
Myanmar,MMR,2003,67.5
Myanmar,MMR,2007,63.9
Myanmar,MMR,2010,70.6
Myanmar,MMR,2016,60.2
Namibia,NAM,1992,68.2
Namibia,NAM,2000,75.5
Namibia,NAM,2007,81.4
Namibia,NAM,2013,88.2
Nauru,NRU,2007,97.4
Nepal,NPL,1991,7.4
Nepal,NPL,1996,9
Nepal,NPL,2000,11.9
Nepal,NPL,2001,10.8
Nepal,NPL,2004,15.8
Nepal,NPL,2006,18.7
Nepal,NPL,2011,36
Nepal,NPL,2014,55.6
Nepal,NPL,2016,58
Nepal,NPL,2017,58
Nepal,NPL,2019,77.2
Netherlands,NLD,1998,100
Netherlands,NLD,2003,100
New Zealand,NZL,1994,95
New Zealand,NZL,1995,100
New Zealand,NZL,1999,92
New Zealand,NZL,2000,97.3
New Zealand,NZL,2001,96.6
New Zealand,NZL,2002,99.2
New Zealand,NZL,2003,98.2
New Zealand,NZL,2004,94
New Zealand,NZL,2005,96.6
New Zealand,NZL,2006,96.8
New Zealand,NZL,2007,96.7
New Zealand,NZL,2008,96.7
New Zealand,NZL,2009,96.7
New Zealand,NZL,2010,96.8
New Zealand,NZL,2011,96.7
New Zealand,NZL,2012,96.8
New Zealand,NZL,2013,96.7
New Zealand,NZL,2014,96.7
New Zealand,NZL,2015,96.3
New Zealand,NZL,2016,96.5
New Zealand,NZL,2017,96.6
New Zealand,NZL,2018,96.4
Nicaragua,NIC,1993,61
Nicaragua,NIC,1998,64.6
Nicaragua,NIC,2001,89.7
Nicaragua,NIC,2002,72.6
Nicaragua,NIC,2003,74.1
Nicaragua,NIC,2004,76
Nicaragua,NIC,2005,78.6
Nicaragua,NIC,2006,79.3
Nicaragua,NIC,2007,73.7
Nicaragua,NIC,2008,85.3
Nicaragua,NIC,2010,88
Nicaragua,NIC,2011,89.7
Nicaragua,NIC,2012,87
Nicaragua,NIC,2013,92.4
Nicaragua,NIC,2014,93.4
Nicaragua,NIC,2015,94
Nicaragua,NIC,2016,94.1
Nicaragua,NIC,2017,94.1
Niger,NER,1992,14.9
Niger,NER,1998,17.6
Niger,NER,2000,15.7
Niger,NER,2006,17.6
Niger,NER,2012,29.3
Niger,NER,2015,39.7
Niger,NER,2016,39.1
Niger,NER,2021,43.6
Nigeria,NGA,1990,32
Nigeria,NGA,1999,41.6
Nigeria,NGA,2003,35.1
Nigeria,NGA,2008,38.9
Nigeria,NGA,2011,47.3
Nigeria,NGA,2013,38.1
Nigeria,NGA,2017,43
Nigeria,NGA,2018,43.3
North America (WB),,1990,99.19094
North America (WB),,2000,99.392525
North America (WB),,2010,99.322136
North America (WB),,2019,98.909546
North Korea,PRK,2000,96.7
North Korea,PRK,2004,97.1
North Korea,PRK,2009,100
North Korea,PRK,2017,99.5
North Macedonia,MKD,1989,87.8
North Macedonia,MKD,1990,88.9
North Macedonia,MKD,1991,89.3
North Macedonia,MKD,1992,90.9
North Macedonia,MKD,1993,93.3
North Macedonia,MKD,1994,93.4
North Macedonia,MKD,1995,94.1
North Macedonia,MKD,1996,95
North Macedonia,MKD,1997,95.6
North Macedonia,MKD,1998,96.6
North Macedonia,MKD,1999,97
North Macedonia,MKD,2000,97.7
North Macedonia,MKD,2001,97.6
North Macedonia,MKD,2002,98.2
North Macedonia,MKD,2003,99
North Macedonia,MKD,2004,99
North Macedonia,MKD,2005,99.1
North Macedonia,MKD,2006,97.8
North Macedonia,MKD,2007,99.6
North Macedonia,MKD,2008,99.7
North Macedonia,MKD,2009,99.8
North Macedonia,MKD,2010,99.9
North Macedonia,MKD,2011,89.1
North Macedonia,MKD,2012,99.9
North Macedonia,MKD,2013,99.9
North Macedonia,MKD,2014,99.9
North Macedonia,MKD,2015,99.9
North Macedonia,MKD,2016,99.9
North Macedonia,MKD,2017,99.9
North Macedonia,MKD,2018,99.9
North Macedonia,MKD,2019,100
Northern Mariana Islands,MNP,2000,99.6
Norway,NOR,1988,100
Norway,NOR,1990,99.4
Norway,NOR,1991,99.3
Norway,NOR,1992,99.3
Norway,NOR,1993,99.4
Norway,NOR,1994,99.3
Norway,NOR,1995,99.2
Norway,NOR,1996,99.2
Norway,NOR,1997,99.1
Norway,NOR,1998,99.1
Norway,NOR,1999,99.1
Norway,NOR,2000,99
Norway,NOR,2001,99.1
Norway,NOR,2002,99.1
Norway,NOR,2003,99
Norway,NOR,2004,99.1
Norway,NOR,2005,99.2
Norway,NOR,2006,99.2
Norway,NOR,2007,99.1
Norway,NOR,2008,99.2
Norway,NOR,2009,99.2
Norway,NOR,2010,99.1
Norway,NOR,2011,99.2
Norway,NOR,2012,99.2
Norway,NOR,2013,99.1
Norway,NOR,2014,99.1
Norway,NOR,2015,99.1
Norway,NOR,2016,99.1
Norway,NOR,2017,99.2
Norway,NOR,2018,99.2
Norway,NOR,2019,99.3
Norway,NOR,2020,99.2
Oman,OMN,1987,87
Oman,OMN,1995,91.1
Oman,OMN,2000,94.7
Oman,OMN,2005,98
Oman,OMN,2006,98
Oman,OMN,2007,99
Oman,OMN,2008,98.6
Oman,OMN,2009,98.6
Oman,OMN,2010,98.6
Oman,OMN,2011,98.6
Oman,OMN,2012,98.6
Oman,OMN,2013,98.6
Oman,OMN,2014,99.1
Oman,OMN,2015,98.65
Oman,OMN,2016,98.68
Oman,OMN,2017,98.68
Oman,OMN,2018,98.6
Oman,OMN,2019,98.6
Oman,OMN,2020,99.9
Pakistan,PAK,1991,17.2
Pakistan,PAK,1997,18
Pakistan,PAK,1999,18
Pakistan,PAK,2001,23
Pakistan,PAK,2002,23
Pakistan,PAK,2005,31
Pakistan,PAK,2006,56
Pakistan,PAK,2007,38.8
Pakistan,PAK,2008,40
Pakistan,PAK,2009,41
Pakistan,PAK,2011,43
Pakistan,PAK,2012,51
Pakistan,PAK,2013,52.1
Pakistan,PAK,2015,59
Pakistan,PAK,2018,69.3
Pakistan,PAK,2019,73.7
Pakistan,PAK,2020,68
Palau,PLW,1990,100
Palau,PLW,1995,100
Palau,PLW,1998,100
Palau,PLW,2000,100
Palau,PLW,2002,100
Palau,PLW,2006,100
Palau,PLW,2007,100
Palau,PLW,2008,100
Palau,PLW,2009,99.3
Palau,PLW,2010,99.6
Palau,PLW,2011,100
Palau,PLW,2012,97.4
Palau,PLW,2013,99.1
Palau,PLW,2014,100
Palau,PLW,2015,100
Palau,PLW,2016,100
Palau,PLW,2017,100
Palau,PLW,2018,100
Palau,PLW,2019,100
Palau,PLW,2020,97.2
Palestine,PSE,1996,94.9
Palestine,PSE,2000,97.4
Palestine,PSE,2004,98.3
Palestine,PSE,2005,97
Palestine,PSE,2006,96.6
Palestine,PSE,2010,99
Palestine,PSE,2014,99.6
Palestine,PSE,2020,99.7
Panama,PAN,1992,85.8
Panama,PAN,1993,86.9
Panama,PAN,1994,88
Panama,PAN,1995,88.3
Panama,PAN,1996,89.9
Panama,PAN,1997,89.5
Panama,PAN,1998,90
Panama,PAN,1999,90.1
Panama,PAN,2000,90.5
Panama,PAN,2001,92.1
Panama,PAN,2002,94.2
Panama,PAN,2003,92.5
Panama,PAN,2004,91.3
Panama,PAN,2005,91.1
Panama,PAN,2006,91
Panama,PAN,2007,91.5
Panama,PAN,2008,91.8
Panama,PAN,2009,88.6
Panama,PAN,2010,92.7
Panama,PAN,2011,93.5
Panama,PAN,2012,94.3
Panama,PAN,2013,91.4
Panama,PAN,2014,93.9
Panama,PAN,2015,96.3
Panama,PAN,2016,94.6
Panama,PAN,2017,94.2
Panama,PAN,2018,92.9
Panama,PAN,2019,95
Papua New Guinea,PNG,1995,42
Papua New Guinea,PNG,1996,51.3
Papua New Guinea,PNG,2000,41
Papua New Guinea,PNG,2001,39
Papua New Guinea,PNG,2004,39
Papua New Guinea,PNG,2006,53
Papua New Guinea,PNG,2018,56.4
Paraguay,PRY,1990,66
Paraguay,PRY,1996,60.8
Paraguay,PRY,1998,60.8
Paraguay,PRY,1999,85.6
Paraguay,PRY,2000,85
Paraguay,PRY,2001,85.9
Paraguay,PRY,2002,85.8
Paraguay,PRY,2003,85.9
Paraguay,PRY,2004,77.2
Paraguay,PRY,2005,87.5
Paraguay,PRY,2006,90.5
Paraguay,PRY,2007,90.6
Paraguay,PRY,2008,87.2
Paraguay,PRY,2009,93.8
Paraguay,PRY,2010,95.6
Paraguay,PRY,2011,95.8
Paraguay,PRY,2012,95.7
Paraguay,PRY,2013,96.8
Paraguay,PRY,2014,96.4
Paraguay,PRY,2015,96.3
Paraguay,PRY,2016,95.5
Paraguay,PRY,2017,97.3
Paraguay,PRY,2018,97.7
Peru,PER,1986,49
Peru,PER,1992,80
Peru,PER,1996,55.1
Peru,PER,2000,62.5
Peru,PER,2004,71.1
Peru,PER,2006,74.7
Peru,PER,2008,82.1
Peru,PER,2009,82.5
Peru,PER,2010,83.8
Peru,PER,2011,85
Peru,PER,2012,86.7
Peru,PER,2013,89.1
Peru,PER,2014,90
Peru,PER,2015,91.6
Peru,PER,2016,92.4
Peru,PER,2017,93.6
Peru,PER,2018,93.7
Peru,PER,2019,94.4
Peru,PER,2020,95.7
Philippines,PHL,1993,52.8
Philippines,PHL,1998,56.4
Philippines,PHL,1999,58
Philippines,PHL,2000,58
Philippines,PHL,2003,59.8
Philippines,PHL,2008,62.2
Philippines,PHL,2011,72.2
Philippines,PHL,2013,72.8
Philippines,PHL,2017,84.4
Poland,POL,1986,99
Poland,POL,1989,99.6
Poland,POL,1990,97.8
Poland,POL,1991,99.6
Poland,POL,1992,99.6
Poland,POL,1993,99.6
Poland,POL,1994,99.6
Poland,POL,1995,99.6
Poland,POL,1996,99.7
Poland,POL,1997,99.7
Poland,POL,1998,99.7
Poland,POL,1999,99.7
Poland,POL,2000,99.4
Poland,POL,2001,99.8
Poland,POL,2002,99.8
Poland,POL,2003,99.8
Poland,POL,2004,99.8
Poland,POL,2005,99.3
Poland,POL,2006,99.4
Poland,POL,2007,99.4
Poland,POL,2008,99.4
Poland,POL,2009,99.7
Poland,POL,2010,99.9
Poland,POL,2011,99.9
Poland,POL,2012,99.9
Poland,POL,2013,99.9
Poland,POL,2014,99.9
Poland,POL,2015,99.9
Poland,POL,2016,99.8
Poland,POL,2017,99.8
Poland,POL,2018,99.8
Poland,POL,2019,99.8
Poland,POL,2020,99.7
Portugal,PRT,1989,98
Portugal,PRT,1998,99.7
Portugal,PRT,2000,99.7
Portugal,PRT,2001,99.9
Portugal,PRT,2011,99.9
Portugal,PRT,2012,99.9
Portugal,PRT,2013,99.9
Portugal,PRT,2014,99.9
Portugal,PRT,2015,99.9
Portugal,PRT,2016,99.9
Portugal,PRT,2017,99.9
Portugal,PRT,2018,99.9
Portugal,PRT,2019,99.9
Portugal,PRT,2020,98.6
Puerto Rico,PRI,2004,99.8
Qatar,QAT,1990,100
Qatar,QAT,1991,100
Qatar,QAT,1992,100
Qatar,QAT,1993,100
Qatar,QAT,1995,100
Qatar,QAT,1996,100
Qatar,QAT,1997,100
Qatar,QAT,1998,98
Qatar,QAT,1999,100
Qatar,QAT,2000,100
Qatar,QAT,2001,100
Qatar,QAT,2002,100
Qatar,QAT,2003,100
Qatar,QAT,2004,100
Qatar,QAT,2005,100
Qatar,QAT,2006,100
Qatar,QAT,2007,100
Qatar,QAT,2008,100
Qatar,QAT,2009,100
Qatar,QAT,2010,100
Qatar,QAT,2011,100
Qatar,QAT,2012,100
Qatar,QAT,2014,99.9
Qatar,QAT,2015,99.9
Qatar,QAT,2016,100
Qatar,QAT,2017,100
Qatar,QAT,2018,100
Qatar,QAT,2019,100
Romania,ROU,1989,99.9
Romania,ROU,1990,99.8
Romania,ROU,1991,99.9
Romania,ROU,1992,99.7
Romania,ROU,1993,98.9
Romania,ROU,1994,99
Romania,ROU,1995,99.1
Romania,ROU,1996,99
Romania,ROU,1997,98.3
Romania,ROU,1998,99
Romania,ROU,1999,98
Romania,ROU,2000,99
Romania,ROU,2001,99
Romania,ROU,2002,99.1
Romania,ROU,2003,99.2
Romania,ROU,2004,98.9
Romania,ROU,2005,98.1
Romania,ROU,2006,98.2
Romania,ROU,2007,98.8
Romania,ROU,2008,99.4
Romania,ROU,2009,99.5
Romania,ROU,2010,99.5
Romania,ROU,2011,99.4
Romania,ROU,2012,99.5
Romania,ROU,2013,96.6
Romania,ROU,2014,95.4
Romania,ROU,2015,94.3
Romania,ROU,2016,95
Romania,ROU,2017,93.5
Romania,ROU,2018,93.1
Romania,ROU,2019,93.1
Russia,RUS,1989,99.2
Russia,RUS,1990,99.2
Russia,RUS,1991,99.2
Russia,RUS,1992,99.1
Russia,RUS,1993,99.1
Russia,RUS,1994,99.1
Russia,RUS,1995,99.1
Russia,RUS,1996,99.1
Russia,RUS,1997,99.1
Russia,RUS,1998,99.1
Russia,RUS,1999,99.1
Russia,RUS,2000,99.2
Russia,RUS,2001,99.3
Russia,RUS,2002,99.3
Russia,RUS,2003,99.4
Russia,RUS,2004,99.4
Russia,RUS,2005,99.4
Russia,RUS,2006,99.5
Russia,RUS,2007,99.6
Russia,RUS,2008,99.6
Russia,RUS,2009,99.7
Russia,RUS,2010,99.7
Russia,RUS,2011,99.7
Russia,RUS,2012,99.7
Russia,RUS,2013,99.7
Russia,RUS,2014,99.7
Russia,RUS,2015,99.7
Russia,RUS,2016,99.7
Russia,RUS,2017,99.7
Russia,RUS,2018,99.7
Russia,RUS,2019,99.7
Russia,RUS,2020,99.6
Rwanda,RWA,1992,25.9
Rwanda,RWA,2000,26.7
Rwanda,RWA,2005,28.4
Rwanda,RWA,2008,52.1
Rwanda,RWA,2010,69
Rwanda,RWA,2011,69
Rwanda,RWA,2015,90.7
Rwanda,RWA,2020,94.2
Saint Kitts and Nevis,KNA,1995,100
Saint Kitts and Nevis,KNA,1998,99.4
Saint Kitts and Nevis,KNA,2000,99.4
Saint Kitts and Nevis,KNA,2002,99.5
Saint Kitts and Nevis,KNA,2004,100
Saint Kitts and Nevis,KNA,2005,100
Saint Kitts and Nevis,KNA,2006,100
Saint Kitts and Nevis,KNA,2007,100
Saint Kitts and Nevis,KNA,2008,100
Saint Kitts and Nevis,KNA,2009,100
Saint Kitts and Nevis,KNA,2010,100
Saint Kitts and Nevis,KNA,2011,100
Saint Kitts and Nevis,KNA,2012,100
Saint Kitts and Nevis,KNA,2013,100
Saint Kitts and Nevis,KNA,2014,100
Saint Kitts and Nevis,KNA,2015,100
Saint Kitts and Nevis,KNA,2018,100
Saint Kitts and Nevis,KNA,2019,100
Saint Kitts and Nevis,KNA,2020,100
Saint Lucia,LCA,1995,100
Saint Lucia,LCA,1997,99.7
Saint Lucia,LCA,2000,100
Saint Lucia,LCA,2002,98
Saint Lucia,LCA,2003,99
Saint Lucia,LCA,2004,100
Saint Lucia,LCA,2005,100
Saint Lucia,LCA,2006,97.9
Saint Lucia,LCA,2007,100
Saint Lucia,LCA,2008,100
Saint Lucia,LCA,2010,98.5
Saint Lucia,LCA,2012,98.7
Saint Lucia,LCA,2014,99.1
Saint Lucia,LCA,2015,99.1
Saint Lucia,LCA,2017,100
Saint Lucia,LCA,2018,100
Saint Lucia,LCA,2019,100
Saint Vincent and the Grenadines,VCT,1995,100
Saint Vincent and the Grenadines,VCT,1998,98
Saint Vincent and the Grenadines,VCT,1999,99.3
Saint Vincent and the Grenadines,VCT,2000,100
Saint Vincent and the Grenadines,VCT,2001,100
Saint Vincent and the Grenadines,VCT,2002,100
Saint Vincent and the Grenadines,VCT,2004,100
Saint Vincent and the Grenadines,VCT,2005,100
Saint Vincent and the Grenadines,VCT,2007,100
Saint Vincent and the Grenadines,VCT,2008,99.2
Saint Vincent and the Grenadines,VCT,2009,98.9
Saint Vincent and the Grenadines,VCT,2010,98.3
Saint Vincent and the Grenadines,VCT,2011,98.8
Saint Vincent and the Grenadines,VCT,2012,99.2
Saint Vincent and the Grenadines,VCT,2013,99
Saint Vincent and the Grenadines,VCT,2014,99.9
Saint Vincent and the Grenadines,VCT,2015,98.7
Saint Vincent and the Grenadines,VCT,2016,98.6
Samoa,WSM,1990,76
Samoa,WSM,1998,100
Samoa,WSM,2000,80
Samoa,WSM,2004,100
Samoa,WSM,2009,80.8
Samoa,WSM,2014,82.5
Samoa,WSM,2020,88.9
Sao Tome and Principe,STP,2000,78.6
Sao Tome and Principe,STP,2003,76.4
Sao Tome and Principe,STP,2006,80.7
Sao Tome and Principe,STP,2009,81.7
Sao Tome and Principe,STP,2014,92.5
Sao Tome and Principe,STP,2019,96.8
Saudi Arabia,SAU,1990,88
Saudi Arabia,SAU,1995,91.4
Saudi Arabia,SAU,1996,91.4
Saudi Arabia,SAU,2000,91
Saudi Arabia,SAU,2004,96
Saudi Arabia,SAU,2005,96
Saudi Arabia,SAU,2006,96
Saudi Arabia,SAU,2007,97
Saudi Arabia,SAU,2008,97
Saudi Arabia,SAU,2009,97
Saudi Arabia,SAU,2010,97
Saudi Arabia,SAU,2013,98
Saudi Arabia,SAU,2015,98
Saudi Arabia,SAU,2016,98
Saudi Arabia,SAU,2017,99.7
Saudi Arabia,SAU,2018,99.4
Saudi Arabia,SAU,2019,98.7
Senegal,SEN,1986,22
Senegal,SEN,1993,47.2
Senegal,SEN,1997,46.5
Senegal,SEN,1999,48.3
Senegal,SEN,2000,57.8
Senegal,SEN,2002,58
Senegal,SEN,2004,58
Senegal,SEN,2005,51.9
Senegal,SEN,2011,65.1
Senegal,SEN,2013,50.5
Senegal,SEN,2014,59.1
Senegal,SEN,2015,53.2
Senegal,SEN,2016,58.6
Senegal,SEN,2017,68.4
Senegal,SEN,2018,74.2
Senegal,SEN,2019,74.5
Serbia,SRB,1995,98.7
Serbia,SRB,1996,98.8
Serbia,SRB,2000,98
Serbia,SRB,2001,98.2
Serbia,SRB,2002,99.2
Serbia,SRB,2003,98.5
Serbia,SRB,2004,98.7
Serbia,SRB,2005,99.7
Serbia,SRB,2006,88.9
Serbia,SRB,2007,99.8
Serbia,SRB,2008,99.7
Serbia,SRB,2009,99.8
Serbia,SRB,2010,99.7
Serbia,SRB,2011,99
Serbia,SRB,2012,99
Serbia,SRB,2013,99.9
Serbia,SRB,2014,98.4
Serbia,SRB,2019,99.9
Seychelles,SYC,1990,98
Seychelles,SYC,1995,99
Seychelles,SYC,2000,99
Seychelles,SYC,2005,99
Seychelles,SYC,2006,99
Seychelles,SYC,2007,100
Seychelles,SYC,2008,100
Seychelles,SYC,2009,99
Seychelles,SYC,2010,99
Seychelles,SYC,2011,99
Seychelles,SYC,2012,99
Seychelles,SYC,2019,98.8
Seychelles,SYC,2020,99.5
Sierra Leone,SLE,2000,37.1
Sierra Leone,SLE,2005,40
Sierra Leone,SLE,2008,42.4
Sierra Leone,SLE,2010,60.8
Sierra Leone,SLE,2013,59.7
Sierra Leone,SLE,2017,81.6
Sierra Leone,SLE,2019,86.9
Singapore,SGP,1996,99.7
Singapore,SGP,1997,99.7
Singapore,SGP,1998,99.7
Singapore,SGP,1999,99.7
Singapore,SGP,2000,99.7
Singapore,SGP,2001,99.6
Singapore,SGP,2002,99.7
Singapore,SGP,2003,99.7
Singapore,SGP,2004,99.7
Singapore,SGP,2005,99.7
Singapore,SGP,2006,99.7
Singapore,SGP,2007,99.7
Singapore,SGP,2008,99.8
Singapore,SGP,2009,99.7
Singapore,SGP,2010,99.7
Singapore,SGP,2011,99.7
Singapore,SGP,2012,99.7
Singapore,SGP,2013,99.6
Singapore,SGP,2014,99.7
Singapore,SGP,2015,99.7
Singapore,SGP,2016,99.7
Singapore,SGP,2017,99.6
Singapore,SGP,2018,99.6
Singapore,SGP,2019,99.6
Singapore,SGP,2020,99.6
Slovakia,SVK,1989,100
Slovakia,SVK,1990,100
Slovakia,SVK,1991,100
Slovakia,SVK,1992,100
Slovakia,SVK,1993,100
Slovakia,SVK,1994,100
Slovakia,SVK,1995,100
Slovakia,SVK,1996,100
Slovakia,SVK,1997,100
Slovakia,SVK,1998,100
Slovakia,SVK,1999,100
Slovakia,SVK,2000,100
Slovakia,SVK,2001,99.43
Slovakia,SVK,2002,99.43
Slovakia,SVK,2003,99.46
Slovakia,SVK,2004,99.51
Slovakia,SVK,2005,99.51
Slovakia,SVK,2006,99.52
Slovakia,SVK,2007,99.22
Slovakia,SVK,2008,99.51
Slovakia,SVK,2009,99.52
Slovakia,SVK,2010,99.21
Slovakia,SVK,2011,99
Slovakia,SVK,2012,99.5
Slovakia,SVK,2013,98.6
Slovakia,SVK,2014,98.3
Slovakia,SVK,2015,97
Slovakia,SVK,2016,98.1
Slovakia,SVK,2017,98.8
Slovakia,SVK,2018,98
Slovakia,SVK,2019,98.3
Slovakia,SVK,2020,98.2
Slovenia,SVN,1989,99.6
Slovenia,SVN,1990,99.9
Slovenia,SVN,1991,99.9
Slovenia,SVN,1992,99.9
Slovenia,SVN,1993,99.9
Slovenia,SVN,1994,99.9
Slovenia,SVN,1995,99.9
Slovenia,SVN,1996,99.9
Slovenia,SVN,1997,99.9
Slovenia,SVN,1998,99.8
Slovenia,SVN,1999,99.9
Slovenia,SVN,2000,99.9
Slovenia,SVN,2001,99.9
Slovenia,SVN,2002,99.9
Slovenia,SVN,2003,99.9
Slovenia,SVN,2004,99.9
Slovenia,SVN,2005,99.9
Slovenia,SVN,2006,99.9
Slovenia,SVN,2007,99.9
Slovenia,SVN,2008,99.9
Slovenia,SVN,2009,99.9
Slovenia,SVN,2010,99.9
Slovenia,SVN,2011,99.9
Slovenia,SVN,2012,99.8
Solomon Islands,SLB,1990,85
Solomon Islands,SLB,1994,83.5
Solomon Islands,SLB,1999,85
Solomon Islands,SLB,2007,85.5
Solomon Islands,SLB,2015,86.2
Somalia,SOM,1999,19.3
Somalia,SOM,2000,19.3
Somalia,SOM,2002,24.8
Somalia,SOM,2006,9.4
Somalia,SOM,2019,31.9
South Africa,ZAF,1994,82
South Africa,ZAF,1995,82
South Africa,ZAF,1998,84.4
South Africa,ZAF,2003,91.2
South Africa,ZAF,2004,91.2
South Africa,ZAF,2008,94.3
South Africa,ZAF,2016,96.7
South Asia (WB),,2000,36.061634
South Asia (WB),,2010,47.80171
South Asia (WB),,2019,81.75477
South Korea,KOR,1990,98
South Korea,KOR,1991,97.9
South Korea,KOR,1994,98.4
South Korea,KOR,1997,99.6
South Korea,KOR,2000,99.9
South Korea,KOR,2003,99.9
South Korea,KOR,2009,99.9
South Korea,KOR,2012,99.8
South Korea,KOR,2015,100
South Sudan,SSD,2006,9.7
South Sudan,SSD,2010,19.4
Spain,ESP,2015,99.9
Spain,ESP,2018,99.9
Spain,ESP,2019,99.9
Spain,ESP,2020,99.9
Sri Lanka,LKA,1987,87.2
Sri Lanka,LKA,1993,94.1
Sri Lanka,LKA,2000,96
Sri Lanka,LKA,2007,98.6
Sri Lanka,LKA,2014,99.95
Sri Lanka,LKA,2016,99.5
Sub-Saharan Africa (WB),,2000,41.106354
Sub-Saharan Africa (WB),,2010,50.61373
Sub-Saharan Africa (WB),,2019,63.373604
Sudan,SDN,1990,68.5
Sudan,SDN,2006,49.2
Sudan,SDN,2010,72.5
Sudan,SDN,2014,77.7
Suriname,SUR,1995,80
Suriname,SUR,2000,70.9
Suriname,SUR,2002,90
Suriname,SUR,2004,90
Suriname,SUR,2006,86.5
Suriname,SUR,2007,90
Suriname,SUR,2008,90
Suriname,SUR,2009,90
Suriname,SUR,2010,90
Suriname,SUR,2015,90
Suriname,SUR,2018,98.4
Sweden,SWE,1987,100
Switzerland,CHE,2006,100
Syria,SYR,1993,76.9
Syria,SYR,2004,89.7
Syria,SYR,2006,91.5
Syria,SYR,2009,96.2
Tajikistan,TJK,1989,93.6
Tajikistan,TJK,1991,90.3
Tajikistan,TJK,1994,82.6
Tajikistan,TJK,1995,80.9
Tajikistan,TJK,1996,79
Tajikistan,TJK,1997,72.6
Tajikistan,TJK,1998,74.1
Tajikistan,TJK,1999,66.6
Tajikistan,TJK,2000,70.7
Tajikistan,TJK,2001,81.1
Tajikistan,TJK,2002,88.7
Tajikistan,TJK,2003,88.1
Tajikistan,TJK,2004,75.1
Tajikistan,TJK,2005,82.4
Tajikistan,TJK,2006,78.3
Tajikistan,TJK,2007,88.4
Tajikistan,TJK,2008,85
Tajikistan,TJK,2009,87.1
Tajikistan,TJK,2010,87.7
Tajikistan,TJK,2011,89
Tajikistan,TJK,2012,86.4
Tajikistan,TJK,2013,90.8
Tajikistan,TJK,2014,90.3
Tajikistan,TJK,2015,98
Tajikistan,TJK,2017,94.8
Tanzania,TZA,1992,52.2
Tanzania,TZA,1996,46.7
Tanzania,TZA,1999,43.8
Tanzania,TZA,2004,43.4
Tanzania,TZA,2005,45.1
Tanzania,TZA,2010,50.2
Tanzania,TZA,2012,61.4
Tanzania,TZA,2016,63.7
Thailand,THA,1987,65.9
Thailand,THA,2000,99.3
Thailand,THA,2006,96.9
Thailand,THA,2009,99.4
Thailand,THA,2012,99.6
Thailand,THA,2013,99.6
Thailand,THA,2016,99.1
Thailand,THA,2019,99.1
Togo,TGO,1988,45.7
Togo,TGO,1998,50.5
Togo,TGO,2000,35.4
Togo,TGO,2003,60.8
Togo,TGO,2006,52.4
Togo,TGO,2010,43.9
Togo,TGO,2014,44.6
Togo,TGO,2017,69.4
Tonga,TON,1990,94
Tonga,TON,1991,92
Tonga,TON,1999,96
Tonga,TON,2000,95
Tonga,TON,2001,95.3
Tonga,TON,2002,95.1
Tonga,TON,2003,97
Tonga,TON,2004,98
Tonga,TON,2005,96.1
Tonga,TON,2006,98
Tonga,TON,2007,98
Tonga,TON,2008,97
Tonga,TON,2009,98.1
Tonga,TON,2010,99
Tonga,TON,2012,95.5
Tonga,TON,2019,98.3
Trinidad and Tobago,TTO,1987,97.7
Trinidad and Tobago,TTO,1993,98.3
Trinidad and Tobago,TTO,1994,98
Trinidad and Tobago,TTO,1995,97.5
Trinidad and Tobago,TTO,1996,98
Trinidad and Tobago,TTO,1997,98.4
Trinidad and Tobago,TTO,1998,98.2
Trinidad and Tobago,TTO,1999,98.4
Trinidad and Tobago,TTO,2000,96
Trinidad and Tobago,TTO,2001,99.5
Trinidad and Tobago,TTO,2002,98.7
Trinidad and Tobago,TTO,2003,99.7
Trinidad and Tobago,TTO,2004,99.7
Trinidad and Tobago,TTO,2006,96.9
Trinidad and Tobago,TTO,2008,99.5
Trinidad and Tobago,TTO,2011,98
Trinidad and Tobago,TTO,2012,100
Trinidad and Tobago,TTO,2013,100
Trinidad and Tobago,TTO,2014,100
Trinidad and Tobago,TTO,2015,100
Trinidad and Tobago,TTO,2016,100
Trinidad and Tobago,TTO,2017,100
Tunisia,TUN,1988,69
Tunisia,TUN,1995,81
Tunisia,TUN,2000,89.9
Tunisia,TUN,2001,89.9
Tunisia,TUN,2006,94.6
Tunisia,TUN,2012,73.6
Tunisia,TUN,2018,99.5
Turkey,TUR,1993,76
Turkey,TUR,1998,80.6
Turkey,TUR,2003,83
Turkey,TUR,2004,83
Turkey,TUR,2007,89.3
Turkey,TUR,2008,91.3
Turkey,TUR,2009,95
Turkey,TUR,2013,97.4
Turkey,TUR,2014,97.4
Turkey,TUR,2015,99
Turkey,TUR,2017,98
Turkey,TUR,2018,99.2
Turkey,TUR,2019,97
Turkmenistan,TKM,1996,95.8
Turkmenistan,TKM,2000,97.2
Turkmenistan,TKM,2002,97.2
Turkmenistan,TKM,2003,99.5
Turkmenistan,TKM,2004,98.5
Turkmenistan,TKM,2005,99.7
Turkmenistan,TKM,2006,99.5
Turkmenistan,TKM,2016,100
Turkmenistan,TKM,2019,100
Turks and Caicos Islands,TCA,1998,100
Turks and Caicos Islands,TCA,1999,88.2
Turks and Caicos Islands,TCA,2004,100
Turks and Caicos Islands,TCA,2005,99.1
Turks and Caicos Islands,TCA,2006,100
Turks and Caicos Islands,TCA,2020,100
Tuvalu,TUV,1990,95
Tuvalu,TUV,1997,99
Tuvalu,TUV,2000,100
Tuvalu,TUV,2002,100
Tuvalu,TUV,2007,93.1
Tuvalu,TUV,2020,99.5
Uganda,UGA,1989,38.1
Uganda,UGA,1995,37.8
Uganda,UGA,2000,36
Uganda,UGA,2001,36.9
Uganda,UGA,2006,41.9
Uganda,UGA,2011,58
Uganda,UGA,2016,74.2
Ukraine,UKR,1989,99.9
Ukraine,UKR,1990,99.9
Ukraine,UKR,1991,99.9
Ukraine,UKR,1992,99.9
Ukraine,UKR,1993,99.9
Ukraine,UKR,1994,99.88
Ukraine,UKR,1995,99.89
Ukraine,UKR,1996,99.9
Ukraine,UKR,1997,99.9
Ukraine,UKR,1998,99.9
Ukraine,UKR,1999,99.1
Ukraine,UKR,2000,99.9
Ukraine,UKR,2001,99.9
Ukraine,UKR,2002,99.9
Ukraine,UKR,2003,99.9
Ukraine,UKR,2004,99.9
Ukraine,UKR,2005,99.8
Ukraine,UKR,2006,99.9
Ukraine,UKR,2007,98.7
Ukraine,UKR,2008,99.9
Ukraine,UKR,2009,99.9
Ukraine,UKR,2010,99.9
Ukraine,UKR,2011,99.9
Ukraine,UKR,2012,99
Ukraine,UKR,2013,99.9
Ukraine,UKR,2014,99.9
United Arab Emirates,ARE,1990,99.1
United Arab Emirates,ARE,1995,99.2
United Arab Emirates,ARE,2003,100
United Arab Emirates,ARE,2004,100
United Arab Emirates,ARE,2008,100
United Arab Emirates,ARE,2013,99.9
United Arab Emirates,ARE,2014,99.9
United Arab Emirates,ARE,2015,99.9
United Arab Emirates,ARE,2018,99.2
United Kingdom,GBR,1998,99
United States,USA,1989,99
United States,USA,1990,99.2
United States,USA,1991,99.2
United States,USA,1992,99.3
United States,USA,1993,99.4
United States,USA,1994,99.4
United States,USA,1995,99.4
United States,USA,1996,99.4
United States,USA,1997,99.4
United States,USA,1998,99.4
United States,USA,1999,99.4
United States,USA,2000,99.4
United States,USA,2001,99.4
United States,USA,2002,99.5
United States,USA,2003,99.3
United States,USA,2004,99.3
United States,USA,2005,99.4
United States,USA,2006,99.4
United States,USA,2007,99.3
United States,USA,2008,99.3
United States,USA,2009,99.3
United States,USA,2010,99.4
United States,USA,2011,99.3
United States,USA,2012,99.3
United States,USA,2013,99.2
United States,USA,2014,98.5
United States,USA,2015,99.1
United States,USA,2016,99.1
United States,USA,2017,99.1
United States,USA,2018,99.1
United States,USA,2019,99
United States Virgin Islands,VIR,2002,98.3
United States Virgin Islands,VIR,2003,98.5
Upper-middle-income countries,,1990,84.498856
Upper-middle-income countries,,2000,89.74016
Upper-middle-income countries,,2010,95.27123
Upper-middle-income countries,,2019,98.09614
Uruguay,URY,1990,99.4
Uruguay,URY,1991,99.3
Uruguay,URY,1992,99
Uruguay,URY,1993,98.3
Uruguay,URY,1994,98.2
Uruguay,URY,1995,98
Uruguay,URY,1996,98
Uruguay,URY,1997,98.4
Uruguay,URY,1998,99
Uruguay,URY,1999,99.8
Uruguay,URY,2000,99.7
Uruguay,URY,2001,99.6
Uruguay,URY,2002,99.7
Uruguay,URY,2003,99.7
Uruguay,URY,2004,99.5
Uruguay,URY,2005,99.9
Uruguay,URY,2006,99.9
Uruguay,URY,2007,98.6
Uruguay,URY,2008,99.6
Uruguay,URY,2009,99.7
Uruguay,URY,2010,99.8
Uruguay,URY,2011,99.5
Uruguay,URY,2012,99.9
Uruguay,URY,2013,98.2
Uruguay,URY,2014,99.9
Uruguay,URY,2015,99.9
Uruguay,URY,2016,100
Uruguay,URY,2017,100
Uruguay,URY,2018,100
Uruguay,URY,2019,100
Uruguay,URY,2020,100
Uzbekistan,UZB,1996,97.5
Uzbekistan,UZB,1997,100
Uzbekistan,UZB,1998,100
Uzbekistan,UZB,1999,100
Uzbekistan,UZB,2000,94.9
Uzbekistan,UZB,2001,100
Uzbekistan,UZB,2002,100
Uzbekistan,UZB,2003,100
Uzbekistan,UZB,2004,100
Uzbekistan,UZB,2005,100
Uzbekistan,UZB,2006,99.6
Uzbekistan,UZB,2007,100
Uzbekistan,UZB,2008,100
Uzbekistan,UZB,2009,100
Uzbekistan,UZB,2010,100
Uzbekistan,UZB,2011,100
Uzbekistan,UZB,2012,100
Uzbekistan,UZB,2013,100
Uzbekistan,UZB,2014,100
Uzbekistan,UZB,2015,100
Uzbekistan,UZB,2016,100
Uzbekistan,UZB,2017,100
Uzbekistan,UZB,2018,100
Uzbekistan,UZB,2019,100
Uzbekistan,UZB,2020,100
Vanuatu,VUT,1990,79
Vanuatu,VUT,1994,87
Vanuatu,VUT,1995,89.1
Vanuatu,VUT,1999,88
Vanuatu,VUT,2000,88
Vanuatu,VUT,2003,84
Vanuatu,VUT,2005,92
Vanuatu,VUT,2006,92.9
Vanuatu,VUT,2007,74
Vanuatu,VUT,2013,89.4
Venezuela,VEN,1997,95.3
Venezuela,VEN,2000,94
Venezuela,VEN,2003,95
Venezuela,VEN,2011,98.1
Venezuela,VEN,2012,96
Venezuela,VEN,2013,99.2
Venezuela,VEN,2014,99.5
Venezuela,VEN,2015,99.3
Venezuela,VEN,2016,99.3
Venezuela,VEN,2017,99.1
Venezuela,VEN,2018,98.7
Vietnam,VNM,1997,77.1
Vietnam,VNM,2000,58.8
Vietnam,VNM,2002,85
Vietnam,VNM,2006,83.8
Vietnam,VNM,2011,91.9
Vietnam,VNM,2014,93.8
Vietnam,VNM,2021,96.1
World,OWID_WRL,2000,62.247993
World,OWID_WRL,2010,69.60126
World,OWID_WRL,2019,82.557816
Yemen,YEM,1992,34.3
Yemen,YEM,1997,21.7
Yemen,YEM,2003,26.8
Yemen,YEM,2006,35.7
Yemen,YEM,2012,34.4
Yemen,YEM,2013,44.7
Zambia,ZMB,1992,49.8
Zambia,ZMB,1996,46
Zambia,ZMB,1997,46.5
Zambia,ZMB,1999,45.3
Zambia,ZMB,2002,42.3
Zambia,ZMB,2007,46.5
Zambia,ZMB,2014,64.2
Zambia,ZMB,2018,80.4
Zambia,ZMB,2019,80.4
Zimbabwe,ZWE,1988,69.6
Zimbabwe,ZWE,1994,69.2
Zimbabwe,ZWE,1999,72.4
Zimbabwe,ZWE,2006,68.5
Zimbabwe,ZWE,2009,60.2
Zimbabwe,ZWE,2011,66.2
Zimbabwe,ZWE,2014,80
Zimbabwe,ZWE,2015,78.1
Zimbabwe,ZWE,2019,86